f0,f1,f2,f3,f4,f5,f6,f7,f8,f9
-0.3738254883064369,-0.3488213410032329,-0.5473866316220026,-1.8814189585999979,1.585047577766256,0.7184324319680897,0.8521707288198692,-1.1126557494275215,1.5891422470075895,-0.6718037425432994
1.0800097982995442,-0.5807028869852006,0.22756461734011044,1.5145295630760125,0.8699502654258745,-1.4125347178441716,-0.22904578133833614,-0.07468850351904191,-0.7301008228173497,0.24081359894769627
0.5966882068247545,-0.8509602299352169,-2.0741732249257847,-0.6885038777472994,-0.151763975460143,-0.7855347575600936,0.5873777385212442,0.19469284437422324,0.19016860966026472,0.9404820446149362
0.9516160179344653,0.6725771418286381,-0.30147932173716896,0.5553118413143453,1.4142419194171187,1.8506075241667976,0.05504813477478557,-1.3338031842250269,-0.8445229962147733,0.24142708169926955
-0.5514641137433808,-0.12543976380053484,-1.8094883843640295,-0.9054748611136879,-0.5972990065462914,0.2252974655111962,-0.6712159150339149,-0.6464988201836437,-0.6794004706679987,1.041257184790356
-0.27130870559219045,0.15122414858453326,0.09451528470700307,0.6067287183257318,-0.8982772056955868,-0.4597446458553306,-0.15136741792245728,-0.365441114873122,1.1178427382677019,-0.11749790260347835
-1.2021444343851415,0.293474348961404,0.4567035709420416,-0.19235811433864,-0.0730955285940604,-1.2140382273723942,0.6252557983148683,-1.3835489052220127,-1.463636589715999,-0.3758053726457279
0.05275490796112736,0.7268004394788622,0.5651635046546601,1.1205334724158318,-0.035585864554593,0.8176173265531844,-1.0252003889644659,-0.17368255165594942,0.7229856915575436,1.1436894609643988
-0.12330103487856382,-1.3087148326325206,-0.544825964390713,-0.8201762985234023,0.3948313371412241,0.30768717446465066,1.6385647113815067,-0.04263179480694766,0.15454157160480225,0.12777412211862813
-2.019598798774773,-0.4881615840561351,-2.1975558578446215,-1.9944635958329786,-0.8776471438132715,-0.9876598929576418,-0.6186910253074691,1.6737405735390314,0.21190182238115643,0.2712096556211889
1.4478078156185905,-0.85449582445477,0.49561714186237354,0.45106083436904426,0.644190676107967,-0.11061294835244115,0.23153123452856428,-0.08988190443597237,-2.429460206794763,0.3665009841003598
0.5711818653712631,0.22034501909945325,-0.2467325224051305,0.6134622173440923,-0.7247238291508351,-0.32400845387530214,-1.0701667485361175,1.0173667565473956,1.0493917928586445,0.2397660625797735
-0.2211258314927694,0.42592181400741747,0.741887093680431,0.49871938105068114,0.5078793334996352,0.5618494516412329,-1.81240631668332,-0.4598785553517344,-0.7722282891538048,-0.8521372063234359
-0.8544516886325743,-0.9269857220122986,0.8649608869992619,-0.18330591634215512,-0.1798876451484072,1.1864347938435031,0.36910313198475664,0.7534178766619921,-0.9970224024208794,2.1395065860805857
-0.9622610145932762,-0.96587134993334,-0.5441373783657615,0.6699821140858493,0.24479867891443363,-0.994453405267294,-1.0175280919289058,0.6331568094601925,1.0274597287975322,-0.7162689144529562
0.6376372110307854,0.06439909400996274,-0.5204210958269996,1.512747616623178,1.091747767901961,0.18179331791457487,2.069706002311189,-0.03770172718977271,-0.7587915076275934,-0.8403172959485294
-0.3008804820161717,0.4526040369103999,0.5433449930205516,-0.8343443273839131,1.338262296419646,-0.16079710971715303,1.2880452288666269,1.3297982765628624,0.9958483379527616,-0.11303798671396988
-0.4003664301663602,0.18511578523207156,-0.2918546871978274,0.399785159569087,-0.07482414678628622,-0.110802538960539,0.10380351820700585,0.4604657830734792,-0.45753163563373744,-0.01383575837816319
0.05251778296606854,0.4631852940216512,-3.572835159756079,0.8561746278517262,-1.0526159264090018,1.2270804142832739,0.32763402630304983,1.5718190884757457,0.368129185344142,0.9844237455907091
-0.13024468831802416,0.7199678625395722,-0.503674879459264,-1.6763658097309633,-0.1415287089926154,-0.5470936990934923,-0.2810257100337485,-1.2155627290715632,1.946376073200042,0.5540309216382291
-1.7928683216483334,-1.0431110725553012,-0.23787126684967386,-0.008677928782020852,-1.1326066032299469,0.6040163837250686,-1.704780174521991,0.9578062959657417,-1.0861203002262836,1.3047388462031497
-0.3335991698870592,-0.9682942333381228,0.6673905389854204,0.7291396927103142,0.47938065052247697,0.8149571701786074,0.7561327523067743,-0.24687684153736042,-0.755734090611023,-0.46519935304194127
-1.1784517929304719,1.1612160528159143,1.0657391587729081,2.4703834184908264,1.3253417501794147,0.4182615922298982,-2.0994404677566862,-0.731330282341191,-1.2882344173673588,0.16753139942611844
-1.95163056410336,0.6952445449394611,-0.5333081730817599,-0.8152722996164321,1.4879800992454832,1.238715954680568,-1.2153005389323825,1.9918493715260501,-1.0575385483237796,-0.6842188441552676
0.7026587471586803,0.884779065434524,0.13222724905421498,-0.3094378480347574,-1.2129891673240172,0.6549423000658002,-0.2804519933294294,-0.3631729327824723,-1.3321698244881208,1.249700948133734
0.384976213868732,0.19472388350917838,-2.085818448189029,0.48449929575752737,-1.348046491847595,-0.1286303480461,-0.9418663689949233,1.460767189145579,1.3176920733915543,1.784665122790762
0.11256991398470616,0.7930267078445192,-0.07164229036544313,-0.5461018759601338,-0.08319810835721575,0.1967671188707126,0.7240220393981971,-0.312217686179095,0.794876011715342,0.02228611625253639
0.2843279313090194,-0.22575814238606293,-0.05082889029363222,-0.4321308799467858,1.1034041875278513,-0.44931044528657105,-0.5915692132709478,-3.307603283002967,-0.009253268579333751,-0.05432025932779953
-0.3744998483033274,-0.3632056978010037,0.11407242618498828,0.17069970014217334,1.0554856387690879,0.4716521582420944,-0.9113266110997904,0.10313488304818157,0.25922020485154107,0.9883261660677185
-0.12848837071145103,0.6077489666549236,0.16367964274322547,-0.7180701007960333,-0.42108798579560824,-1.1127471580904889,0.5665978131914089,1.1780806077714556,0.6947361454728599,-0.7397505044221573
-2.597497821094006,-0.3122764892345554,0.1438917975969489,-1.3454515868419923,0.7011355381253345,0.7794851225418756,-0.4166876554892056,-0.4118195980462892,0.8298026704239985,0.248166138947501
1.092452623281487,0.1257617563442382,0.7906589733227651,0.8603873679217784,0.5596697093624372,-0.36702005358259754,-1.3144381727932448,-0.3085954271840951,0.21908706178595366,1.9859728543789839
0.5351894300947999,0.11599189677411263,0.04588862018334992,-0.668147527006764,-0.16452680924218466,0.5183493280585022,1.3027154615947572,0.24741631073738113,0.3937214813928699,-0.4831371783162488
-0.7035123170912283,0.3198962475742395,-0.4766002413308066,-0.31459257507470856,-2.670835963268954,-0.47014659331047104,-0.18505449293489973,0.8807970953789936,1.4014766433219288,0.9596585009401064
0.4728193809967707,-0.6893751306525773,0.2691224873939857,-0.8796173658382583,0.3460011360287457,-0.5953187640542557,-1.1937357573845642,-1.479308636157078,-1.4968283589068392,-0.588310854987362
0.0200385765005986,-1.1182746654897757,0.24423542276500343,1.1236134117904395,-0.03231426274241943,0.5763000601897084,-1.3741468454674766,0.16673028846355584,-0.001489072129846906,1.0086097033284003
0.6427386584653287,-1.4395629968884869,-0.857107023528987,-0.7368088830175512,1.0658168320291723,-0.41557868138970244,1.8241149907707523,-0.21271482074280612,-0.26517867681974383,0.5666677969452094
1.1903099475433534,1.6804307014483673,-0.4098501629837969,-0.14465081191646262,0.45806671295293067,-1.5030704364084801,0.5011063845353311,0.7308165012246299,-0.8573444859751169,0.6052406281412064
-1.3453647455239695,-1.3519856500552851,-0.6761612735261645,-0.6580092583372866,0.6332368054679285,2.1975604829127624,0.2274336100973909,0.10514070492725905,0.07350294494585095,0.0012139638184346145
0.3453003463762803,0.5382288746668196,-0.3048491180055788,-0.3367895481618579,0.23157357931412498,0.6337087179503559,-1.132862076802175,-0.01710457177196873,0.15874917309585035,-1.4421177863386565
-0.4292820644928791,1.9905147461446164,0.009204437437766128,-0.508038590579565,1.188457018799426,-1.9411479964960203,0.9501465892174386,1.5594492149441441,-0.5010430963757441,0.28715921042775794
0.34226619423697713,0.1858280244854676,0.6525668742424253,-0.3511254942246922,-0.11140420156736339,-1.2551616598006474,0.0030632485485608545,0.06780986153085944,0.8840890980462282,0.2495736470240212
-1.5432333098534174,0.3961712654543973,-0.362273558526963,-0.7230383308883446,0.42568115042727095,-1.0447023059651575,-1.5440719634271827,0.8119021234492396,0.333309260020018,-0.7309112783575618
0.4129385244322836,0.15182550702375258,1.0764425397766093,-0.7272023556646033,-1.0734890154094625,-0.6504119302139151,-0.34260168298766974,0.5508328266218845,-1.8418211985240664,1.8503994257810765
0.9375541739084075,-0.2764507753575657,0.8531969530105796,0.7862712007305019,-0.5986123465488639,0.30739167285458546,1.0070022502077194,-1.256207819522999,0.023013377002651263,0.5896093539875169
0.4808899951019602,0.09089287025752842,-0.591831553270422,0.6436522833938917,-0.8154682050582789,1.9605073387086533,0.05796662107781416,-0.853819081514034,1.5888276602597609,1.7257071948348492
-0.7705023870855813,-0.6190825675923336,-0.37143595131110424,-1.267582891469253,0.9709226862156229,-0.3773850233180971,-1.3863693711719076,0.24954875797172976,0.7558480813726209,0.513052579179851
0.5276463916240904,-0.6124326901464853,-0.08652730920159733,0.012772092948819314,-0.3622055764273141,-0.8663585754545199,0.957815311062163,-1.3242052836517622,-1.7661464772918698,-0.24806731638710647
0.9505878341764564,-1.5296856281675593,0.8394532461508588,-1.0143326804352963,-0.5291286027872593,0.43671164016364095,-0.34282737406494845,0.13053381521524954,1.2179815836275796,0.033735742129130664
0.49831170036546835,0.336502747470687,0.8802233741807011,1.0073434875337794,-0.43842921883904806,0.12441181601256988,0.2938259903689945,0.2575634187742061,0.30153563328224353,-1.1874341302252804
0.24071670464645778,1.3346688912982865,2.112546813683594,-0.3447706695699491,0.09750617053865168,0.33430265519909735,0.10297317100113607,-0.3651597809400544,-0.009091416225450281,1.5731694984565552
0.33138304511892813,-1.4993242922393846,-0.25890645214235997,-1.270927231237247,-0.1503612586613662,-0.6208558589089039,-0.090415843742193,0.17887777468783514,-0.7752834517797063,-0.4809224647465303
0.5559155903899408,0.7703870358854213,0.3028347837146912,-0.8379368842484297,-1.3320527169694032,-0.2949774843914995,-0.30383555285163727,-0.11033822995229459,0.20777140384364368,1.220232306940744
-0.40008747197825867,0.45385931566830945,0.42838404659897494,0.6147196980220642,1.0394275731180735,0.04833861506211709,1.0597529133191959,0.2384116225092341,0.4537175686511085,1.1437455882180965
-1.5615333979798913,-0.6215876172695854,0.5613723225987832,0.649233071675746,-0.8476311521955686,-0.3903711211253925,0.7075488489773587,0.5971155957780995,0.4402926264939393,-0.1523549359215418
1.4274310566408162,-1.4482237604000117,-0.9902842295068299,-1.875509785645782,0.1341464046821464,0.6101202666544046,2.4840753508552598,-1.026230019889342,1.3579101891291612,-0.9655910006804704
1.5775343787865752,-0.4641413205286167,-0.9033311896468361,-1.3751764495953422,-0.9910090715176267,-0.28804013434202547,-0.7313718382284243,-1.458484341744653,0.2507262043669577,0.26027583722542535
-0.5139717342682564,-0.2912090295285886,0.28408324873584706,-1.5700198573647355,0.2245024050215112,-0.1355436452557069,-1.7981783274194112,0.08221797586924999,-0.5009497719233899,-0.05124430803057273
0.16061243485818077,-0.55120731638275,-0.5967815952982619,-1.1288120379504172,-2.055647750840069,1.7643979641337146,-0.16062517131819704,1.5941570884649798,0.32682753696463973,1.3296241941577753
0.7818547992878673,-1.3087032211324596,1.2036970997919823,-0.45392180958128403,-0.044010332691247434,1.4453057930252515,-0.7725460065326911,0.5070331991480626,0.011851347541257539,-1.3358452138508452
1.4265563543698023,0.8201697455084368,-0.04139040142272492,0.5563623883294587,-2.0763892439902474,-1.0384696043240769,-0.26205887038005043,-1.5914807891566976,-0.28763891108196743,0.0028503846114010596
-2.4083355267161926,0.14432250996503102,-0.4037507740761436,-0.3307445742710683,-0.6958053145132461,-1.1351016484997811,-0.29221069165649605,-1.2565079796747594,1.2419869053150934,-0.5593741581394747
0.3195128535769136,-0.26683692655341024,0.49263842701287275,-0.8318290571086769,-0.06066158892736838,0.5320948902059445,-0.26345183782158305,-1.4449840647739949,-0.4226381672705739,0.03550560024767595
1.9238324627803853,0.1983510137802148,-0.756765295753969,1.0312435598680012,-1.3725412877200869,-0.9752604222026842,0.633532764326799,0.921581038230199,0.08471561236475385,1.1907155073059772
0.9285342143507817,0.07418498676839408,-0.05937507495300691,0.7000280129225811,-0.5851876616334075,1.6392577918233502,-1.501489401931271,-1.043694196903977,0.500759362164072,-0.14638859675497992
-0.3397819521981381,0.5809056122880967,0.07953713838987592,0.11198792647692542,-0.40650710706929694,0.10479854051021181,1.0831919612270116,1.1417052607828146,0.15853002721360937,-0.9233944152308503
0.3395294754334482,-1.364001607845245,1.6576406214547335,-1.0398964796473817,-0.043946471566059825,-0.7164354944365445,2.0080750025309912,-0.019015179994344232,-1.374668869007724,0.9716489204288713
-0.8479012490883626,-0.03913858759993585,0.8101812164397593,1.7264780476566233,1.8123055917362625,0.8267356852416914,1.0377306879731696,0.1192668860816995,-0.009108205405831092,-1.8091510783562308
0.7795852849051241,0.20576770692609025,0.8822437411617727,0.19416943371414058,0.5789730743095612,-0.2199232430394837,-0.11390430468671703,0.9128772677930371,-0.8762133769714646,-1.0986519809547453
0.000210003067601902,0.9468509474943065,0.44526985701626715,0.650280875743032,-1.100139904113769,-1.2732239849705242,-0.8189472795165286,-0.2266048084846662,0.3149824750204022,-1.6293731960014661
0.44342973598903135,0.37625623410779635,0.07016315620748695,0.21030140561717917,-1.0591038551826488,0.3696358810498065,0.4427197039486761,-0.9659876972983101,1.6538379546224884,0.176792508275528
0.2717067764803003,-1.0040097190694577,-0.9687673999216251,1.0223272622963924,0.02104318661572841,0.4324543731969372,1.2102254839988043,-0.6749183575085809,-0.9219915307459574,-0.4959261769744274
0.049699579914238984,-0.8906330660858839,1.474791453977471,0.11071031859196288,0.7222639141006066,-0.162841020122963,-0.42862051944413304,-0.5993851602268798,-1.1355943632976053,-0.32067526483668196
-0.16308451711839214,0.7900110884447868,1.5285401960158689,1.9023248772426733,-0.8251006091220684,0.9019594374731426,0.5183782543362522,0.012197978365451308,-1.484598399447289,1.646768835626962
1.7411939014093727,-0.10200334458235032,0.2384686404113252,-0.7832834020762708,-0.5637445576235036,-1.794168346925025,0.9754288819513364,1.4048980705751088,-0.32812315772141887,-1.384183887561742
-0.6804671524767536,-0.7821784660055219,-0.33654807448015894,-1.421961542644679,0.6864250895016029,-0.30898301693006885,0.7233812600339891,0.08831255573778579,-0.2220982165314852,0.9461357350995783
0.5148535462602973,0.8159935021500128,0.1661392562166361,0.02909055176829169,-0.6314217382043698,1.473497741532407,-0.09164659354689828,0.40877746539989146,0.22323635896035793,0.8688780462456523
-1.6210096234523999,-0.5715058684882888,0.40371456914239173,0.5569790541780718,-1.1058910755166242,2.272368152469399,0.8273686985766514,1.0930369002709086,-0.4207811210567687,-0.708784080188075
0.007132080339055475,-1.1240503657571144,0.8032032917513969,-0.2872008514796288,-0.08627059385671164,0.035043807402156936,0.20086048630686493,0.1511003967600268,1.3841753035759,1.9826722273728912
0.5720356560450689,-0.21652000160799484,0.7375918881154203,0.36442555090095585,-1.430335164796389,2.974797486359941,-0.200552864742945,0.3578705313124826,0.4941313459306496,-2.8808691526053036
-0.8415274001274362,0.5164458149836708,1.5230296144440278,0.07461719295671325,0.028728387244678532,0.3812493575787236,-1.365492791900456,0.39987390503843656,-0.8372832990628317,-0.8064183639860458
0.9322002813940046,-0.608190378805035,-0.5523964615116975,-1.0139739583311589,0.3904985256067689,0.822960219069656,0.7240597455531553,-0.39303650321267025,-0.04147318456737443,0.22043615758501378
1.7396264755967126,0.3303321374725523,-0.24675951223549636,-2.3615400791595054,0.2262725953370145,2.5790892161646175,-1.1652315439242131,-0.9436488814991538,-0.7059703382554927,-0.3502469088041605
-1.2707349439819629,0.10546877007279333,-1.3595171066178229,-0.38399866196377547,1.0932683840164685,0.8917098258634861,1.8875001206240896,0.13948997577575784,0.5039379441139032,-0.7199185169310736
-1.705836248636461,0.22410113706683193,0.5510604929183013,1.1493149906083646,0.4593664064401327,-2.575396921665792,-0.6706538459432569,0.6162339630661645,0.06957103333198889,1.315690736875544
2.5141252625881867,-0.9858131634867817,-0.7612618081912986,-0.4771827460793901,-1.3603837321320964,-0.1846482510748002,-1.0482500650179118,0.49655163217251796,0.8901212441594781,-0.8221143234778712
0.4581765688267069,0.19469371276201913,0.7817754600976814,-0.835844574376703,-0.6765962543702991,0.8168147202213646,-0.6472350493201872,-0.8641873887586786,-0.8507754856827299,-0.11910102612465903
-0.7661250728876527,1.2744300900126002,0.8514211043139395,-0.49558714063790327,0.11772398779996703,0.262358710757666,0.04771579045369829,-0.7919589905269528,0.31326501808339824,2.0769854269990287
-0.83789723222783,-1.4049084564850025,-0.7096091939542661,-1.4586186180576604,0.07571319106376248,0.9999864842129298,2.0032593771226495,-0.9226661648161588,0.19351480326287746,0.23808140207373893
-0.7329193314323961,-0.6053801240428413,0.2582746488468427,-0.08265015534692129,0.6034364752627308,-0.3671871957427716,1.2527084302233964,-0.34595363456413564,1.5251551705615083,-1.0461296373108722
-0.6753694559168211,0.13279956708478746,1.2228886853141097,1.82048582147526,0.8007316709331123,-0.2439673744912944,-0.08634202833069701,-0.6764327416205634,-0.11874523624188293,-1.145354939345687
-0.4850532272339205,-0.40011455905507726,-0.19853528953787164,0.6688258454624887,-0.6669670930233286,-0.9352514578759992,-2.6868182744639597,-0.5543099718586386,0.2685572986775007,-0.2727326980562317
0.5022954539185924,-0.6491544493256804,0.2451068917897341,-0.11736450185526072,-0.8091122039872813,-0.9351197330835448,-0.07066491130816743,0.40285107231866046,-0.50154502983708,-0.34811276160322757
-0.546318515027836,1.1119261636193507,1.334573934584508,0.8596903171836184,0.5705644145464711,0.8226566612536307,0.3859797511984742,0.4434733507144563,0.22306695144153538,-1.9431774667584643
-0.09493773523845515,0.9560089937018103,0.07636136232309063,1.583055138578175,-0.8079504935797873,-1.2158513179347439,-0.2848898410890905,-1.5047518414017182,-1.4175804002347778,0.061198617581407086
-0.24534534028467986,1.2641952049872567,-0.5683256683471719,-0.5368634868805444,1.5867612110350113,-0.26852518649157153,1.343725091267132,1.9680065778864646,1.006156222860161,-0.341972860270992
0.2676345023657798,1.8325246193835256,0.22331786771051773,1.166867755776566,0.5275424834460449,0.4219032788974434,-1.0740928149321047,0.7632960005398169,-0.994203671309417,0.037316721827832605
-0.36958882811157967,0.3085173515183551,0.6625934927368579,0.5140542014592003,0.3434335985190191,-1.5335016219586992,0.4419398229027537,0.8084768615969389,1.2061783627919507,-0.6674790881810296
1.2839976075552781,0.5054810375265157,-0.06432355796590292,1.2966258469036283,-1.1714525147950485,-0.2260275386473112,-1.4317681003737532,-0.32944757061049973,0.26741413004934483,1.572400761231601
-1.6220908690685953,-0.15822233721102172,-0.7407440696767493,0.06673395862216551,-0.6104750394063556,1.3571731370133449,-1.222090177582641,-1.5525360978804115,0.41684440715010496,0.6233105352798587
1.66579899024741,-0.5258104935190002,0.6953320345396528,-1.0914832480170362,0.39349172257105014,-1.7989358583793862,-0.1395232213673703,0.022300294316038322,-0.8641523016038115,1.2013105527966284
-0.1499764049550554,-0.031610275803937056,-1.9790807998844326,-0.314376104095016,0.5514414611492755,1.820499096635903,-0.0549553358147076,-1.7983938329664073,0.05006357955884978,0.610189588128946
0.27273974367416487,1.0138359555533079,0.3164991329820588,0.6966068046935562,-0.11308900729705189,-0.7419553138174004,-0.30937640898210117,-0.7922794213210438,0.9677995370643505,-0.9620069253096858
-1.246147893665273,-1.6094412231047768,0.9558298820480937,-0.4180610058237735,0.5571613177145508,0.2913642679558923,0.1798104745396983,-2.104678816761492,-0.1802558828705198,0.3427032049534211
0.03282019604869923,-0.48894379835774215,-1.7954971673189561,0.18587020741459773,0.6559302140186477,-1.2105739162728792,-1.533698331275497,-0.3432282954127479,-1.4678178773547816,-0.21203690744126472
-0.28195867896408366,-0.35864158728965323,0.9164210064409744,0.012982006847289288,-0.16187811664413848,0.4375016336419436,0.9313709983863387,0.2918644016610708,0.022740963592325386,-0.04870770178714274
-0.06696503489712899,-0.6807424149731164,0.9165401939996709,1.2552961675925252,-1.2338278253090729,-0.26046289950873,0.9943525251612819,-0.09964279671346694,0.5723197174147047,0.7801943791430129
-0.8803888042390786,-1.5566359674272108,2.693049053330468,0.7184176050671478,1.4575393571205129,0.943643594377132,-0.2125334042444454,0.9880377523156966,-0.586518362192323,1.3177270410973771
0.020056975302956997,0.2607610074512571,-0.1181777001929766,-0.024446012133002275,-0.7710259037662266,-0.8691877554530778,0.4290341464045543,-1.3109315571616469,1.6628180970660558,0.1208231138059406
0.6246503362236077,-0.9442093165955208,0.20358496970910278,-0.5989220888902023,-1.4735661868723995,0.683995724279029,-0.3157354105174869,0.42566785336912527,-0.6810382174611256,-2.3010217219001494
0.6557672875590446,0.8955511126311511,-2.0649834597599335,0.8259505196156336,-1.1236899186249298,0.3346801518189553,-1.742823071804254,-0.36168343432447353,-0.38466799768409843,0.7566712211950748
-0.1883600922981189,0.13352133130588129,0.9782709053705393,2.9394292233026005,-0.18273028158581456,-1.1640377066049699,-0.2538277074657893,-0.18418659080241787,0.8590659242930958,0.6229129397300902
0.9264979328153977,-0.4085145479597455,0.7889609428162383,1.4891386129754913,-0.6484299577713472,0.6177608594884318,-0.652282621222126,-0.3082292153995951,0.2535850151116613,0.6595431047948823
-0.24354210642834273,0.972785872249598,0.581595342262483,0.2935428430286387,0.6256226646805714,0.40463872298061965,-1.6813519615751853,-0.36758985593550564,-0.05901118440350223,0.4090576711651329
0.7727999056581628,-0.4119152060268607,-1.3969159301457656,-0.20110114152263076,1.4751194467375663,0.5603196409901863,0.4480117873576549,0.11950387743917538,0.8223598583137532,-0.11328330315117631
1.022335066290409,0.9728734626404624,0.2822349453647808,0.0705837275769133,0.06607495372859716,-0.0787802620062565,-1.8024608827759536,-1.1664275955867198,0.20778780892926008,1.6833832140580416
-0.21814602328284513,0.27441689913385975,0.6179925329033094,1.4588334640526341,-1.6539186144516882,0.7799308159286581,-0.2034945075573355,0.9877409581587042,2.4776911532205292,-0.7079359680274161
-0.12276512131531356,0.9554534553447982,0.42843009845070823,-0.6135480915330401,1.8338058639864774,-0.7572772970907169,-0.9243686494263967,1.2147422376491805,2.0183814316865343,-0.4845099745639617
-0.3002300112950899,-0.08082313042744281,0.17024140058963003,0.7066295003687448,0.09847520122831202,0.20924729016036633,-1.1738849438075836,-0.6235736244489058,-1.4090007144534302,2.20813297951497
-2.018182509171054,-0.33145245255199235,-0.5993837381039334,0.4291355878890457,0.4340072673342432,-0.1927780148153891,-2.487716748711161,0.9549511577260361,-0.0299328841127997,0.65411581174989
0.38806559886124126,0.8606695054614544,2.2330929118524905,0.6851548372549219,0.06626538623836237,-0.24898664875159238,-1.5005600205433116,0.6555509597335761,0.44332972048995456,0.9714525173035687
1.4520161392535733,0.9070842937274809,1.2244623175416578,-0.18332171473466105,-0.23128203500288677,-1.1482922914407054,0.4871354500864927,0.5878531953257495,-1.4810555179464269,-0.7687614525346327
-0.35129453066345745,1.5073826007086504,0.22486305068697532,1.2887296016216743,0.6272223036278857,0.42082795523974476,-1.5553473136752127,-1.1553450525072608,-0.8651574552999528,-0.8902079833398711
-0.10348494483359813,0.6181100090028537,0.27752346285091795,0.2584841192755659,-0.6008869462959047,1.0810788719462234,-1.1143838483763813,0.18497440934320367,-0.6012495915200784,0.24649761095415212
-0.18266134851004848,-0.4103965017574664,0.8918615650523685,-0.6455337368570614,0.33870550035111713,0.4639243554874046,1.7812880200991932,-1.5080753281336556,2.2040569555147447,0.6971148764071675
1.488778951638679,0.7146502548920995,0.28709193401919925,0.47903586280123045,-1.779048094450108,0.3557776146068006,-1.1549064376644744,-0.04738300165120385,-0.3253329328410042,0.42553675300301785
-0.12619784012264773,0.6576396534382849,1.4718857178628595,1.6670533183457845,1.266077050514336,-0.13404119857294025,-0.13833204806061636,0.7693025057041144,0.618986185914045,-0.6288306273081559
-0.584959260814667,1.2342583084851175,-0.40687613903948633,-0.2914439459031324,-0.22507597552583558,0.6956941558400027,-0.3150883509874208,-0.7157186750114154,-0.07028033104437946,1.0959698554425805
1.452099402712644,-0.97102447718585,-0.8247536359710418,-0.8783026079062993,1.5395027110634272,-0.46490044198148855,-0.327663342638952,-0.5973071228881047,0.6760775856354291,-0.08511211858512664
0.6907731446014393,-0.14302941630763294,-0.3484236135331624,-1.0263952937430663,-0.5649444106476792,-0.8175562747845283,-1.4862055370605929,0.2447830413714003,0.38244120295872447,-1.3875844490657965
0.716736641377671,1.211046381433655,-0.47492951311190795,0.8510868314313008,0.6960111404088889,0.36758403867970696,0.6626364647601887,-0.7882703344005775,0.1314455992610869,-0.6018713411014796
-0.6847855876944557,-0.7646664408656549,0.3269089913546648,0.30203662415267396,-0.05982002822334305,1.1041389235395787,0.6293057599371096,-0.8779802750888634,0.8753981651492513,-0.2112583461602002
-1.7226162756987382,0.3367855555027603,0.2968295921795414,0.555363879579468,0.6216752977082705,0.6164858545942219,-0.407325923781681,0.5924823351434407,0.7261224912794677,-2.075783059088193
-0.9937327714628356,-0.7247308579921686,0.06579477583130129,0.4639738369121323,0.7725409031710531,0.20609782276299535,-1.0702432055962656,-1.328828566369212,-0.8007851036451112,-0.5996325651949832
0.02853727607537063,-0.3016923735559903,0.10105697841599211,0.7737298101219414,-0.648316117250683,-1.1143254705854195,-0.8234531070262604,0.5188552318370991,1.6522716186179247,-0.722128565747694
1.3570095419803563,-0.34696743606928326,-0.40090553601470996,-0.960816790417891,0.8389762917637501,0.25902900271596274,0.1258186133425685,-0.574135188051276,0.6360500224741928,-0.2978916429318622
0.2856411831597062,-0.595721845857935,-0.1302482732153424,-0.3156381996915102,0.08379616861462129,-0.39851818217114265,-1.011840182358899,-0.9265210093615383,-0.4757707660016411,0.9931609426708268
-0.4447851890220725,1.6963823607757278,-1.6636363259581786,1.117418095444264,0.37450044311410835,0.1730165267003661,0.5152501448867557,0.15148200425329458,0.2079797052290399,0.14043863165294876
0.4421545794374731,-0.07905892097529277,-0.8211349291364929,0.21088442437611016,1.4217527882945427,0.3385638157285401,1.935969542174767,-0.32164757524582294,0.6236382074654472,-1.2412264602572303
-0.641118367241181,0.32698083738331046,1.6344331279182822,-1.4242420244718286,-1.2551507964495385,1.442262394566135,-0.6089713585053427,0.24465541620609704,0.6690215710255625,-0.13110860734977703
0.71551266634144,-1.5172489898876378,-1.1619696446573882,0.18859941008749234,0.6033773202769939,-0.6337935729010168,0.12547413451632655,-1.114197436705679,-0.17801204642383645,0.8767896265039643
0.6938236209775076,-0.40841163011988835,-1.1245810121781696,-0.0800896787160254,-1.0612644376908933,-0.7040097632589633,0.348731711044482,0.02620368494175053,1.2921411901428193,-1.2922670990939464
0.32293697437253455,0.34687692229972283,0.5131934535575907,0.7735832076551133,0.39484424111242844,0.16256710051016587,-1.5565403442331727,-1.2889944475470838,0.4772792981400645,0.038050044759982006
-0.08307404653606958,-0.4077569403683815,0.46296219398261973,-0.09058004150275174,1.149929830870059,-0.7331810876808391,0.394323154591092,0.9447080959456369,-0.7299842058961294,-0.7281415186627807
-0.5277168594350986,0.45947878905207745,-0.0304835031995464,0.18014375268475802,-0.25134148088054015,0.7921192829358852,-1.791365638942203,-0.7072188744778839,-0.04970281858249574,1.5354520603501232
0.9579371080979944,-0.051613116537020026,0.0074599988191159676,0.21087966687525347,-2.132446292303905,0.14166595095793383,0.6180120502598464,1.613861920937665,0.33972476492515036,-0.5572409790297449
-0.3490886923900489,0.2915624611365952,0.4817472733070648,-1.2675345850679665,-0.03228817263146632,-1.1768579364382532,-0.770455229803432,0.09983630599301735,0.9492524337159323,0.9350297974223014
-0.5095009369750857,-1.7576539841675196,1.1547319568250356,1.0219806159310396,-0.6946553266481126,0.4303951900220111,-0.28689253804920245,-0.33174875579713003,1.8159536631565159,-0.002855610503865172
0.9286689877526838,-0.2625962727439952,1.3684608894863755,0.500770294802212,-0.8362023232490443,1.5804885682411427,-2.664534437127303,0.13643855590002493,-0.8863814393221473,1.2280036992994814
-0.5479088523363731,0.09985339735337634,1.0595436371833578,1.0329327246521862,-0.9042492673987291,-0.7358987214336308,-0.24373461582166886,-1.5775867318511902,-0.4417957722662536,0.7035814006503386
0.20581518168266222,-0.9808817626948461,-0.5333530270264997,-0.7711128732843744,0.893261065390436,1.593862650057051,-1.4664730155041106,0.1403832774172743,-0.8639452862980264,-1.8733042021797597
1.0523154369702072,1.0579989061596995,-1.014830288679224,-1.2370895512435627,-0.39505880649683073,0.5629426009441901,-0.29896313260302193,-0.5246791331571676,0.13345036702676044,-0.5181921455040064
0.6340266264041811,-0.5411858231652558,0.9318089592484695,1.841482034018,-0.8353261826481848,-0.2516799140860974,-0.16817144104442966,0.15032959244160413,0.3861767584223159,-1.0188730442797442
-0.6005918499991366,0.9944365618451725,0.3469514941141881,-0.7961770657118203,-0.7364443557924245,-0.7356259705821062,-1.1146920452615714,-1.0042423523899295,-0.7279520749228774,0.9468641329757064
1.1667560393998166,0.5633691952806406,0.7788865815563601,1.518867212477557,1.6553015863847624,0.3030561843706283,0.566814179564786,-0.2259469636505768,1.6773188279597027,0.13594907534763284
-0.05513633270675326,-0.2539221488086305,0.7418368647661258,-0.19471306093218269,1.801216231343917,1.1869850237544706,-1.2582467766118628,-0.6582542232051068,0.24691312268028,0.7691927867605464
-1.263030857436113,1.1697997203580084,-0.8324800113938745,0.020029462059255338,0.4260159837320111,0.31277195570209326,0.39424391701637174,0.6166542591983593,0.8956097846954982,1.1841177442560737
-0.24848909002478314,0.1990061620699109,-0.03202907339419342,-0.38285534631717516,-1.48949561048624,-1.0576462766220684,0.5694593373985641,-0.8506869166660785,-0.23732427497942127,-0.02040965936551384
-0.17279695778182172,-0.3119310977498123,-1.2577240810694703,-0.5126514488433829,0.1629435757021832,0.3436530959991281,1.3895417929327825,-0.226175064599623,0.569207217280383,-0.321116824959255
-0.6411449284477181,-0.7241434443317318,0.9286206578232326,-0.7180679907136263,-1.162206170345029,-0.42120180896671616,0.3024533281739791,0.03997566268563609,-1.1155041845873896,0.20987023545606012
1.0172161643278106,1.1634819796632216,-2.5197249052591184,0.8684444520415426,0.8029548856869217,1.598565065924968,-0.5626978029379043,-0.0012443242114958668,0.3933322299610678,0.025152417396139777
0.8297072626597484,1.0389444842138595,-0.3577070492627136,0.9604595887209852,1.7458246815229042,-0.20316251587938663,1.0809429158698134,0.8710103586064013,0.9380634340291083,2.0603595408622875
1.3509177359543991,-0.7559352441432832,-1.5251598921902494,0.532577912271142,-1.2228594691883274,1.3962382045834332,0.7970358020206985,-2.3730209512253437,0.2076448534880161,0.9563964320694417
1.0411879773522443,0.825237415892752,0.45002079533348405,0.37365113433203234,0.45841617758991315,-0.8173231201611539,-0.28440126897980533,-0.37414787525984894,0.24028368965369726,1.1665892745216695
0.23313891497336212,0.5380481829865185,0.10531462730154705,-0.8783117276204859,-0.09996206204398525,0.8150758647526453,1.4767983301124135,-1.454028462141228,0.30745126132495515,1.8889157003925263
0.19095230333932645,0.6073204532963186,0.881939240974613,0.6715505592511705,-0.0037108779778336643,1.9763719029677498,-0.906416702491013,0.4978127432992345,0.29340303468824314,-0.22601882351943137
3.2417820701054003,-1.1141259886680566,-0.7173221043984861,1.2243986169366188,0.5637794501747814,0.4165469752030637,1.2197466266774746,-0.47395072817498635,0.9948317849346517,0.7314517366704513
-0.0434932194382046,0.14859232849839818,0.6772437432163052,-0.1839800733674965,-1.2304546706438457,-0.06255206691581398,0.7825426831849536,-1.2451599365550867,-2.125878463673631,0.43950510194642994
0.16327823524018187,1.7476345450226598,-0.0103565338061826,0.2314824725433911,0.12683528285905282,-0.7629822997097216,1.196526185691343,0.8239251667831722,0.019244622428244127,-1.5440804840416322
1.7211211122228474,-1.337739241975004,-1.125160755307584,-0.8981332451583366,0.6153012594329264,0.9724707183288759,-1.1346179023521668,-1.202565276062141,1.0299038138569643,-0.019309964809933203
-0.3640593369296151,1.4436807530181355,0.3474108648235954,-1.0666345754923257,1.336599274001189,-0.28593791909455446,0.7395469207800454,0.7908925039105307,0.23110209705159543,0.13334309731481278
0.21454700216186243,0.9287368537910915,1.2447664575600137,-0.5008057338614622,-1.1636844329650373,0.8622290930628445,-0.26057048295062224,0.7150148466759336,-0.2867272608404379,-0.47691270910162825
-0.7133819515344502,-1.4008973257990358,1.0488595934710303,1.3720858943182943,-0.968450703654184,1.8615367506290819,-0.6931779429697724,-1.239265070997117,0.30127471577810566,0.3838289343482539
0.4129609952774747,0.24909293703829402,-1.2521269224701244,1.269327131431553,0.23152068005668483,-0.06447088413586265,-0.05488640594915639,-1.1939266478205146,-1.1320025869629646,-0.8818318110672527
0.08448092594462132,0.9080550212650407,1.2288171495895681,-0.47608224821137535,-0.21049039828314509,-0.08988054944650163,-0.417369470490844,1.1056224082388477,-0.725912957618472,2.0601276289453097
0.5039804062385256,1.3121484322257124,-0.3711630615057505,1.048780298339634,1.668375647223201,-0.33498311610772835,0.46878871797147237,0.686442668542969,0.5534505769831878,-0.012464007424637238
0.16061211872209585,1.4201660727132086,-0.7399447455204675,-0.5616462032927245,0.140263892060117,0.7156098445092829,0.048579256961228216,1.3708903184322088,-0.5082902181116922,-0.5506272494432575
0.3139444582125431,1.162986301112586,-1.0238697009713693,-0.30886016198400046,1.4790030502547458,-1.3163861592412034,0.5110323925818393,-0.33481768361172803,-0.36507563589084996,0.897944618329273
0.7897497301949942,0.9489501217966021,1.530465065115964,-0.19024855190526432,0.1116561709509373,-0.4496576401994996,0.6533292303214433,1.0245858475759861,-0.020019276390365947,-0.18741567523780978
1.650264401474316,1.522440654734005,-0.21991354440602193,0.426898760252551,1.8187343686211928,-0.6510545436630812,-1.7601919763627274,0.08866215687235464,-1.4996263425871628,-0.3152768860655643
-0.7348389406913569,-0.23263162517389852,-0.393411755511113,1.1103896902627073,0.0980634411512439,-0.08236643115741249,-1.409950225321809,-1.5078188585303802,-1.5239226725252557,-0.7064329386460991
1.614109347017687,0.2730524304137789,0.6106023429798811,-0.8031954127075864,1.113988519730522,-0.12998478591872958,0.7719185318205173,0.0865237869439258,-0.5008486687028815,-0.3797326999022585
0.5650414210622896,1.3118203793316492,-1.3365154088957256,-0.26365195068853214,-0.9371336598472659,0.9773731466618344,0.5652661255843068,-0.688763200329762,-0.6630942129088522,-0.40056850124232635
-0.8263887935023161,-1.1252589721085255,1.52382419446968,1.244539379808786,-1.1393269657175535,-0.4453071284853946,-0.02319681115921231,-0.44013568282618,0.2689193945428797,-0.1342708405677587
1.0389113690355767,-0.09973840072616173,-0.21622702894674575,-1.2303578545934957,0.6868107913209125,-0.5065420595920422,1.2753106710881785,0.6842114623498348,-0.9539874290188561,1.855941637050265
0.9948040157471937,0.9234031424044731,1.1072801330778723,0.284278408580907,1.0614189851726372,-1.5921972988451611,-1.2469827055964202,-0.6246861338498793,-1.3563758122511076,-0.8035922218971233
-1.3399850911652846,1.9123316490111595,-0.7567692468279321,-0.4161563362717414,2.155104343384161,0.46428198317732067,1.3985578551028877,0.46418126538950194,0.06426769951959069,-0.9679833794605188
0.7943838755800277,0.16877411653844185,1.7102428491428108,0.693972635492719,-1.0663115251449633,-0.2776746464546691,-0.004591384858608728,-0.5203275713459121,-0.4838878259363777,0.7308003179792766
-0.1548646720421628,-0.5772448357944298,0.057296997203541915,-0.4801786168164726,-0.3807989103191437,-0.977666081164803,-1.5878318063112054,-0.48026618458885506,0.7938763327183598,-0.5801945348133073
0.505385718770817,-1.7852442923619192,-0.33537179933846145,-0.1583039106145781,-0.5763515591800333,1.2139034163324132,-0.27639479734615297,-1.4503308671961614,-1.3768511708131606,-0.9913773951417291
-0.24626604901122326,1.1894191235738634,-0.4615598754387634,-0.05716471130069925,0.613924996793277,0.33245885995413627,0.5233247956451038,-0.6659899479779721,0.6623276088688621,-0.6075594575256746
-0.8135661885999053,0.3407530851197924,0.44143612693605255,0.6919198135607649,0.3964402579585652,0.5067062968202714,-0.2810651447727399,-0.8018812391382107,0.29253477743535305,1.808684018475381
-0.6411499070247569,-0.6484405456423594,0.11155178332890898,1.040533942506813,0.9387539393161345,0.42796349232585673,-0.5793655249408185,0.5270175987820286,-0.8655451608455428,-1.0566833247351286
1.5358978432276564,0.7166016734658357,-0.39291575449986116,0.9601345352759709,0.34425694856271394,0.1250452029415018,0.3153025833433515,0.3679449667352061,-1.432662589216978,-0.8785107842266264
0.3589729376892775,0.22714481929970798,0.732208836146806,-0.4398924529556313,0.9939874571222781,-0.4314784353211736,0.6692299328270845,0.32344885318336725,-0.43758006074779576,-0.6062498105178742
0.5102034253186837,-0.24968900402409688,0.5897466129746477,1.0186401262176707,-1.039822654210584,0.1744060920621014,-0.49251966351843207,1.4505839738263127,0.7411057024732144,-1.1330273413024348
-0.12737121222368908,-0.3700793012860295,0.5818223988591256,-0.8375671688668935,0.94683207853655,-0.39629569448428636,0.6092380778099951,1.125303149975587,0.3072474457275446,-1.0702298914838517
-0.5818622380296743,0.7176318576243245,1.349520356063006,-0.17328106136209592,-0.4208754672681746,0.33246941040620953,-1.9791315866412802,0.167039982738319,0.8250415914963346,-2.640247899566738
0.3493451500351939,-0.9199631658360149,-0.4890931034548147,-0.8383583436819957,0.9009357324466007,1.0032919360529649,0.1890108861446021,-1.3814462329336767,-0.8864395023998821,0.2670984873995509
-0.14837974452909125,-0.8127740109532059,0.2955817774361764,-0.9818675380339758,2.053890991070981,0.8180729063276337,0.31008659751605205,0.2806341425284975,-0.7554620107910242,-0.6751497716792996
0.13756044307199625,0.13955767588386184,0.24455144288474803,-0.7333443400666685,-1.002470935011194,-1.2699683050973642,0.06911840239467212,0.5278668954016665,0.32803267252844015,-0.2578512584469685
-0.1013572577167677,0.9573596918053857,0.21733692075288916,-0.549736240177139,-1.0359955997548047,0.10724778711112876,0.7642193888886536,-0.904067868749741,-0.5880454191379901,0.4024173303895119
-0.30796663222762294,0.7887231160829753,-0.740163934953084,1.3183895183193717,-2.5379405093914853,-1.0554782323770218,-0.24717794832952017,0.4578327292694928,0.7915101204900366,-0.29834784717907964
1.5277872072411038,-0.4867959903346362,1.1572549386376865,0.32712337169342504,1.0977477876541133,-1.3772980666135002,0.10373429163701788,1.6289123008241868,0.30009892949386296,-0.45645976245570463
-0.5329402347112701,-0.18884856421459412,-0.45321417644520934,-0.8076667640252865,-0.8101081834570669,-0.995246877725044,1.7436840184563653,0.1948888640852927,0.2831748599493896,0.0017593079924161027
1.5831545251452817,-1.138669978357623,0.033783654533674184,1.0325396608361508,-1.0193461807662199,-0.42161883665371486,-0.28405286797792795,0.21829036070110683,0.4580645653747948,0.09777498203426938
-1.6647847256716786,0.12539004504186457,-0.11448627152136094,0.44961003944589056,0.7201455652475656,1.8545180335349294,-1.1203837222190138,1.0811916874791359,-0.16026746102746095,-0.523516748457842
-0.9246449031727666,-0.3021012127386249,-0.1638936952328443,1.5628663927949775,-0.30046260103812494,-0.0645281822646434,-1.7573124412643035,-0.23616545905167335,0.568652057840338,-0.7460252211576031
0.11437085572840286,0.2330451823508947,0.9686268038589638,1.1322359192477345,0.9376948010500963,-0.4502608544357528,0.12411781302508097,-0.6620653707565174,-0.4462154098282517,0.13969354560912206
1.0450515495658075,-0.2743452717999792,-1.1374288041397569,0.09697984699077986,1.3755604330158457,0.12396846814764112,-0.14715404309847138,0.5451914729276299,-0.8536274625115566,-1.6522831979440722
0.38845260086074673,-0.16460893392446166,-1.6878636419076172,-0.5014245179369179,1.774564944211808,2.4412270576583337,-0.9758359056397456,-0.9244639618175111,-0.3255376781338103,-0.9657203895288089
-1.3742016073025576,-0.8732975283728112,-0.32772494228722476,1.447932340681943,-0.4114555050152734,-0.3281495444099164,0.027128823868681477,1.0846845359808,0.3018049055449319,-0.05283396085120819
-0.8003924115365447,1.8717964147703126,-1.7598790420403234,-0.40262910717195377,0.6132473206073372,-0.24580152192372645,-0.2811045427621549,-1.5915144715573804,0.19979440085431688,-0.18417683283248895
0.9509642795917399,-1.1996783754431297,-1.3616772130154915,-0.7073588407322299,-0.08162977217125607,-0.031089660638683136,-0.17497359419539343,-2.953056782277862,0.49593735449628773,0.9349739259187284
0.8200758752254456,1.4436826604056914,0.3316802392888839,-0.11391954970580866,0.7214886082994144,-1.9956418104111964,-0.590776431678074,1.0374670823370624,0.9929616694104988,0.5707074157620177
1.276403971887032,-0.9670057028190384,-0.40931408932845853,1.1596081715706563,-1.4852948418751604,0.8229246801541965,-0.14623285435814537,1.4988034138558788,1.5559272371299495,0.05173264521445822
-0.035904860796904664,1.0536792193405329,-0.40749660543171906,0.41838370482950293,1.2898243645593461,-0.08087584488004583,-1.2718020194813138,1.6651235889494556,-0.4829837416500647,0.03326522369053909
-0.4458418799155657,1.0210201319463668,-0.4718546113958171,-0.3433104204475916,0.6794977352386443,2.1273949174461877,-1.195294953753342,1.515251533549604,1.2830914846339074,-0.22928020640270538
-0.716899404576296,1.1723144815277795,-0.547552732899286,-1.4300689289481192,-0.4323022068714807,2.1020156461059014,1.5776936116952334,-0.4904655662999706,-1.8424498311931063,1.2197361735865555
-1.5227735469652877,-0.7479411161792298,-0.4781539498677489,-0.9882902504564594,2.0110952548580223,0.2893516305758058,-1.0303437399130333,1.3796234042861384,-0.9464990649196802,0.948785503395075
0.8406574104221535,-1.302959586906999,0.7741563974794028,-0.3717585987207226,-0.4345005306635261,-0.16744916057361076,0.36620021994658203,0.49226069178295406,0.8630355959865548,0.2016266194902355
-0.5523226582516979,0.22013955002512836,-0.7763355241908041,0.002099719915425248,1.0450744764636732,0.38250542463825443,-1.0795002596284788,-0.42429253039536785,-1.471217358085576,-0.9158956471964284
-0.12643026991085748,-0.7235915476302146,-0.899604459536574,-0.8032144960669969,1.1385288391564603,-1.269968524804495,2.0682450506553463,-2.159641967204819,-0.80730460679774,0.18359627046664267
-1.36816707868172,-0.3996710824323013,-1.1955997846541875,-0.8161611684431325,-0.041456561342205156,-0.3211574565202603,0.026107329309228614,0.269401165756354,-1.0091880753511555,1.638421146348087
-0.32893482961549614,1.3487232121698676,0.0778320271241767,1.680442476443331,0.02860692074895553,0.5500464949016011,0.8842595873914232,0.9519859218046565,-0.4309713739411167,0.7353268621286333
0.413971228103047,-1.503608193400121,1.162860917965601,0.06328404204009914,0.8305260567727952,1.511020750645405,0.13828996978225086,-1.244487312767102,1.1192237361979709,0.10399419643389123
-0.6444586076998765,1.0152861605571322,-0.9253128433109898,-0.22176013995488802,-0.5591711280908873,-0.8055489713917261,0.3225065579263127,1.6405508979913765,1.7522872652216992,-0.4458503117698259
1.0822970446434694,-1.053336497238886,0.6305917658526445,1.4493651423983844,-0.6601991154864963,0.10560425693018519,-1.2738872190572723,0.9587088578953394,0.5737418458241466,-0.9367019754262208
0.34500041654420166,1.2297424144397824,1.3048763575924065,1.3033011597255464,1.0654286889412192,0.031796463043802785,-1.3939227516295405,-0.2248553002146992,0.6865975608399061,0.3081243069893886
2.118184573798613,0.5992737291358071,0.8340732229659757,1.122691489725828,0.38900639607249377,-0.33503290465456564,0.6674927735116214,0.2854813618020058,-0.4661958515362209,0.14357495478270701
1.2065663681450167,-0.23072701444803825,0.0428702100951276,0.13133968082526695,0.43230056355334395,0.4185357105498537,-1.1552206502502522,-0.6071535204400694,-0.07497484161912987,-1.7419316193382457
-0.4633241559905966,0.7346859824868006,0.6223066118753828,-1.0227571734467338,-1.0683790571590004,0.38076337128807836,-0.6161614656694281,-0.10632787104756705,-1.6831466199036134,-0.47592436453102793
1.2945910447228877,-0.24695652660163311,-0.049931348845803185,1.167230732849813,-0.853280518037284,0.45693858976240026,0.9730536561160781,-0.10882398521900537,1.0344140392873644,1.1650662027226035
-0.10530828970114631,0.308630112982775,-0.7933041982870122,-0.5154138871399894,-1.1535814646494031,0.7797752251182674,1.1176480323404632,-1.3897019897720537,-0.03166796943417035,1.3166361729350713
0.5151934149574194,-0.40156176255589493,0.48337626016392365,0.14503109897883967,-0.30909833843108014,-0.4965103100419861,-0.41777753517337507,0.28105472876777976,-1.0250083988509848,-0.10164636240955471
-0.3606441602769524,-0.6492219084247963,0.604843254644323,-1.388026220034211,0.41517004862070106,0.4129315845233073,1.2808658876655785,-0.44264504146878947,1.097155670141048,-0.6750823560453865
2.1682016045507835,1.646638738672356,-0.07530261498880998,1.1894688714167974,-0.868004232058172,0.11841520953839571,-0.08799515675116279,0.19286781963012017,0.9122486806217326,1.8123271529827658
0.4762927829003453,0.7447899590858763,-1.4397242093472697,1.0048005125438073,-0.09126872207502279,0.5965599396169597,0.7993101056903628,-1.3898152293895207,1.5463889820070773,0.8069981770965922
-0.5236852160717174,0.6354852448574586,0.5125476238954082,1.557972649388256,-0.7700825110366647,-2.6401626998016434,0.07279555187658474,0.44429748285419696,0.9489240077012545,0.9145739081726632
-0.8096179452887867,0.819433298990998,-0.4707707070571541,-0.8145032886920717,0.22231128128877228,1.46782931653211,1.11259170403383,-0.6751064848045764,-2.5888583483602075,-0.8510761087018155
0.6206595490237441,0.38988415304939983,0.18586734194498164,0.47311823452518753,-0.7449874339936207,-0.27920239640777217,-0.7696881817374495,-0.9675435762352697,0.6196144619800269,0.31507395862671184
0.011012571348962398,1.0161349896157408,-0.3845275743153709,-0.34822492935122507,1.1574850739928797,0.21881269264568756,-1.371797137625787,1.5794513768834286,-1.3676557716430342,1.968431048858153
-1.1286031042815705,-0.3747325539523554,0.7597108081844148,0.7023517312024163,0.8233220991035153,1.514771218928113,-0.860611688289102,0.13059424491970914,-0.937607563203364,0.2960883783660076
-0.6581885642440467,0.8863612143944561,-0.33664895873189327,-1.27101046078896,1.3030053438216218,0.953172408895812,0.11702104952279424,-0.8054425121172785,-0.5479375468326333,-0.20389423932798323
0.08549869443490105,1.0556625977565341,-0.2440840304768391,-0.3692370569575502,-1.29211305663395,-0.16086244530136817,-0.5517271341579671,1.4911516867977443,-0.9814787404927106,0.8748430308153546
-0.8166537366656281,0.7855516370928097,0.06989293517753595,-0.28984417880902436,-0.07454118597978533,-0.09565197864608704,0.14183231601812266,-0.9544488181627455,-0.6820797697738372,-0.5602432569033304
0.5164873292967012,0.4728772685047835,-0.335016712569308,1.0159114297472396,1.3545835077071346,-0.5042483468458504,0.771861225753783,0.25634968175606104,0.21502658855467946,1.3700263726002353
0.11215372440595563,-0.10175872894553271,-0.48736100715461433,-1.069099106000807,0.7065727874084939,0.2415298655894003,-0.4077531604792472,-0.6350437637565233,0.20437511233119626,0.19253444076064863
-0.8022366193492785,0.4784906199134874,-2.240658909300414,-0.03284740516235328,0.38311192369689495,0.10653574228437797,-1.1209867235160185,2.272368360432063,0.7208657487860788,1.282007002096888
1.4520542828580212,0.08036890504710711,1.1990761429175787,-0.3394942355489237,0.01577243960711666,-0.03737263674116202,-1.4573420887487665,-0.3649970012480286,1.3105841712551423,1.784646012966844
0.08636278387468052,1.4843327948894176,-0.7673403051429221,1.0269133686461234,0.10424068451784188,1.0387485235547214,0.9952384397312547,-1.7204825621530402,-0.17801386484172144,-0.0018138371616762197
0.5021579130852609,0.030284067405405093,0.6093156923914813,-1.365647242760792,0.13364101981820636,0.28977814328274143,-1.7042277329356397,0.05947130580185196,0.6961011378856236,0.34237358863205103
-0.09773024250494519,0.13945179026139154,-0.5778854409842885,-0.8492034069582954,-1.9516055745704604,0.41452975924181157,1.2222365194540925,1.0866228858404663,1.226187720089619,0.7984467254961632
-1.2674787923221351,0.34167822793589175,-0.6675922802040795,-0.6756558970117316,-0.8107828990744723,0.5643455998985597,0.929180030777675,-0.36509273007706733,-0.8759600763561446,1.4947368528523821
-0.32789619904956535,-0.8798227905915661,0.029823955756250103,-0.17219659995373496,0.8862124716735464,-1.2077663581288838,1.0954351934387332,0.2103967785480767,-0.16686651003047157,-0.06457253439124173
0.048929521903714954,-0.33085634929404517,-0.3481789700164648,-0.5358441857525504,0.38877838101426665,0.5987282176818721,0.6892098433313186,-0.28995692798079375,1.110467519697272,-0.3665252298784855
-1.3511197224785283,1.2719595448844698,-0.5330578804537179,0.2173377467549282,-1.4332188509939825,0.7200178589683394,0.8350215955997946,-1.3720533838197397,-0.3605839697730935,0.9962326370103785
0.20216023901839936,-0.5282155255820515,1.0583385223453479,-0.3320671798810187,-0.1114862569786745,1.1011457740895731,-1.1039856027136956,0.9664156655957523,-1.1921548201581063,-2.587344372792729
-0.30723699831477613,0.08664561770644465,0.9133837612306269,-0.11146068669692208,0.9465521613258502,-0.25226690083188585,-0.537424008874793,-0.7167344565808571,-0.12411060118302837,0.294881038781401
0.3382117779942289,0.9138867257272959,0.3364558510169772,0.020003211533984606,0.47802095778078696,-0.13812740272522103,1.6329690640605385,0.8932547722788573,0.932590753267998,0.7565750262631878
-0.23676583975842025,-0.23666076155190074,-0.43070753787251576,0.3756861013146702,1.5308124133863035,-0.5719257304555729,1.5552651217465012,-0.3333909508370606,0.6945625114264963,-0.8337751765579118
0.6375095565369386,1.353957605083215,-0.9267966780542034,0.8660095463121846,-0.1963676591105991,0.9670481259465546,1.8026307596204654,0.11171771628511379,1.5283819493571078,1.6978074131034846
0.9555068455783481,1.477879783617,-0.7429194941936299,0.8964331941682666,-0.08078279495497129,-0.06429801375429556,-0.41477272600220827,-0.8478763121750245,-0.399667140754354,0.8896492545538982
-1.5492604963512295,-0.8774200674232049,-0.7690628070541056,-0.28082075401319684,-0.03249486287342716,0.10356639194725735,-0.27165849084102545,1.1103187058764428,-1.377656931145004,-2.0371240901452667
-0.7131547202243107,0.4181538742992805,-0.17845660011074166,1.9330351498621678,1.285059146240533,2.576735785147381,0.6329998339378227,0.45766185303424933,0.632501416272432,1.6671088687445261
-0.7424655114847533,0.6628761056067022,-0.5564992744658451,-2.1017005391956216,-0.8872530147912432,0.4707425358935147,-0.7896611677525449,0.1706336229925952,1.1074150165890857,-0.43863975191318205
-0.6126777418492813,1.2720246556016717,0.2063900653534232,0.21671916899108712,-0.22346250027860662,-0.5618874852113734,-1.4595643654127275,-0.758760623193357,-0.15512688456329618,1.0089192846636574
1.3635960755960683,-0.275724256670057,0.40150827546798473,1.3843933022937367,1.3272345207663123,-0.7086982555127352,-1.3625282665453047,-0.6585043543009088,0.07476179872529079,-0.18764846538014207
0.29062070206750834,0.5778408583691566,0.1852385347145001,0.9604317368169809,0.056549808417922565,-0.9952835157179015,-1.4572627211423193,-0.3081840385001734,-0.8354124494935329,1.2206358690652936
-1.9863057127465251,0.09749671954195616,-2.5527903968026346,1.4523306409144956,-0.05875312446768289,0.6892124183782926,-0.9947851689595828,0.7486327071683705,1.1355182144807414,-0.024567890282004935
-0.8735377848016521,1.233576746694242,0.19359238365412546,1.3909066525811995,1.9427699705151744,-0.607724069903882,1.1704818771585013,-1.774476050703337,0.3953709601541643,-0.764651001685776
0.8586556466584374,-0.6432400362812799,0.11680738111658032,0.41870461415714283,-0.3864190323162278,-1.0848767330042153,0.4639501303084522,-0.5173553367706826,2.3380367465980854,1.9887202010702234
-0.8800041547508908,0.6944617633437075,0.28393475639838006,0.6491143325864608,1.6553094118551905,-0.019110035196810614,0.4822402410717171,-0.5729543241221408,0.3935548454592368,1.2763873472516771
-0.9116967284835827,0.07345819441811723,0.6147688946248129,-0.10983976019318908,-1.0513086430478007,-0.2437610898755036,-0.3505453204978243,0.2842419178629513,-0.39559806677109577,-0.03338087822797071
-0.3223375340052345,0.0425086603011903,0.549885378103536,1.4671251602228192,0.6565525000356497,-0.21251186567041486,0.5051490208543203,1.1775054736377923,0.4280479328598761,0.04551254974659516
-0.31537122618736646,0.03247316549599238,-0.4299817960551298,0.22100178060008796,0.9671008691158469,-0.3702283385092514,1.2690354335143714,0.196660124798395,-0.06550620513275511,0.3216656080539866
0.950518587774401,-0.044591923084398716,1.326598227314197,0.18930397053731451,0.01916963845634198,0.35062506429739987,1.3263600821987922,-0.2241383309733518,-0.01003621923464601,0.8290919795440046
1.2363401447189928,1.5728959384614345,0.5582220743556097,0.10455490484341261,0.0946546688920236,1.1122401204970944,-0.9780324734708717,1.0928396333977546,-0.22118022147940622,-0.9588555558676969
-0.8990944442342848,0.08065102438655257,-0.062217713870515556,-1.424956483994116,1.8064630092330374,-0.5893000402317123,-0.13541578483321187,-0.013499673206126456,0.6276811116905849,0.3627239724319081
-0.282115484738293,-0.9238864812597398,-0.2174640856011788,0.908611129223645,0.18172043843618396,0.14955591419133127,1.919533310140917,-0.7021455830424544,-0.6787946798004941,-0.645465539724874
0.496189759613658,-0.9309858061995413,-0.22140350787559882,-1.1639353894730269,0.39821371001855155,-0.25576857501701056,-0.23604015986883142,-0.7286269434399066,-1.0078719017040352,-0.42668633915822474
-0.017618883809864226,1.2744284915897883,1.090979926213824,0.3091993677291105,1.5672877339499376,0.2584019939589679,0.8805060476792939,-0.09429315547083736,0.7205394459669334,0.6534184078812828
-2.586201059102849,-0.4682784902823072,-0.47012954272782115,-2.023527833769913,-0.14401636920943955,0.41093909586083177,0.05218883944523671,0.46653286163845703,0.02137231614281795,0.25856050241111905
0.3386855682691817,-2.263094850934204,2.1882055297721186,1.0892423522375416,0.3260142396912664,0.3906032036385857,0.8926648848038519,-0.7584344931318787,0.20779908360855287,-0.8417906210053614
-0.7412317139381557,-0.9802495919862579,0.8276210649558788,0.06298509965159649,1.453706692996364,-0.9028827095529459,-0.259528764502425,0.6719768231281742,0.4529287430504184,0.17810361146740347
0.8639526466346926,0.7126889619497363,1.046167076682562,-0.6458539957170042,1.3528774977076292,1.9132769721398104,1.6150320092263937,-0.08819733259167878,0.08043272396011604,0.6615782035535358
1.9154247001248295,-1.5125893090107296,-0.12776107689482635,-0.5668937730489728,0.2258522919575833,-0.39875642605048445,1.3175117475814884,0.9132148650733263,0.607665493832479,0.0030567926845061436
1.1337036662096862,-0.3279367992404736,1.5150916355476858,-0.46416857839125,-0.15973838243772187,0.4731254918277096,0.02433832838736508,-0.48623153173971134,-0.7484022939143148,0.12311126745354718
-0.785939991266152,-0.8493173834009227,0.6080130501984028,0.047726429822607115,0.033997758489333986,1.182896441712518,-0.6914427139024297,0.3991740971422561,0.08395889447341978,0.8514745634296291
-0.786146197585313,-0.768400183470549,-1.4116036953346012,-1.3804564975241898,-0.41293709479507795,0.8274234359830588,-0.0036370936023034555,0.32152956937439403,0.19332763638166986,1.7269169268141322
0.4059412526528906,-0.60791619090792,-0.7564880184037003,-0.058435858337960604,1.6038445806853612,-0.028511109788377058,-1.2846350271135547,-0.22457073002195888,-0.0756469985082606,-0.01405931734866174
-0.005720967948467968,0.6832880381171782,0.8621416525821827,-0.3307011270657303,1.3425006725465156,-0.3265290385431087,-1.2739200934788895,-0.7111589929776335,-0.19890743961757607,-0.48364637036610875
-0.8385829912174209,0.778360113244897,-1.2193745509087137,-0.8032007683868565,0.8164138179868787,0.11137630905121504,1.0883708299804784,-1.1814332730323687,0.05591989498866013,0.1937105964064763
-0.06877631053984624,0.5796479339356846,-0.406989217796595,-2.1072531410577517,0.26935635518656137,-0.19367597360818872,0.11372608854928759,-0.19129402372584842,1.1170330056029294,0.9025855130382765
-1.2931211290506626,-1.1735686713239364,-1.5264468447334647,1.1531517555142927,-0.05072744882339454,0.8830008733074656,0.8868585539492829,1.4511343462332718,-1.8754469041513202,0.4724183163742151
-0.3538110720035967,1.1900170212876096,0.11306052734744032,-0.7967469555174176,-0.81693540013294,1.3107563116590875,0.10354974062553332,-1.5024010429129908,1.106312628569803,-0.5072961839679921
0.5537685454022879,1.1787734623812796,1.67671107019916,0.07825499393694901,-0.2644949619834735,1.360829950908274,-0.48655795346036673,-0.9038399456959495,-0.03457034425994365,-0.0037815203318594935
-0.09695215409330915,-0.769005303846048,0.6739196412331774,-1.037525457497833,-1.4080219629277064,0.05347185587092866,1.258381942293878,0.7589077441103875,-1.408084770139978,0.1790322482001289
0.7661780235807103,-0.8708860575910462,0.853335266549886,-0.3509946902389891,-0.5850075269880668,-1.0069504094558233,0.17376479502087255,0.720169823121321,1.0947876388684523,0.02575131383782535
0.32764770495538414,0.7345680202206313,-0.03749781578269404,0.08798372766372504,-0.8013535293064776,-0.03421936012153221,0.35543241115068713,-1.2381629492163648,-0.48294363201565904,-0.4958227506258339
0.04918907617001578,-1.329859117460358,0.7247703883590808,-0.21654201916688598,0.7206178247464906,1.3614161418060249,1.081799168680257,1.536330472916347,-0.6151220493554326,-0.6465608290021245
1.3340973196878054,0.2859494544829911,0.8239014200531066,-1.7397221449964557,-0.575956906348468,1.2671927199610558,-1.4845019108864188,1.078026398969216,-0.3073754501812927,1.2493309587739008
1.494574580088163,1.2053649485537115,0.742539813892255,0.5220900706647116,0.985649136826102,-1.381163316903913,-0.8016853896148509,1.2177786826291734,-0.07908193173669274,0.4666628605848631
-1.5103886614899014,-0.9963530193591363,0.04822415043187228,0.22923388261017486,-0.8101995514833109,0.14162735817384953,0.04054896917150641,-0.46018127227003736,0.0046180073664326545,0.34126086799234934
-0.5293219192611689,0.572188277219764,-0.4452376708433088,0.16694613573434197,-0.35216375953790025,-0.025617472203824983,0.47896929633463003,-0.8264544769736385,-1.3256801573042736,0.6808090717045657
-0.5476408056653033,0.8096466686419375,0.038083755592093094,0.22802001264159227,-0.2751899754129124,-1.0447513826891202,0.48708292754525206,-1.333953224214568,1.9895147497038255,0.25712486044897254
-0.7518523294113316,0.5732970638858639,-0.5752599453679219,-0.08374911827573224,-1.0575098214534697,-0.6647613546327775,-0.8983190016993751,1.7887607309615572,-0.5397324010751503,1.1779194301938365
2.056180015233985,1.346136306831195,-0.02871294934782476,0.3748782377356943,1.5995130533239377,0.06642609472750004,-2.1008472693310236,-0.43135270775497586,-0.9640207203897544,1.6837773025979246
0.5723165774294853,-0.6671556600693429,-1.7890934769889093,-0.9873158545303053,0.4707869540525142,-0.19245330945532832,3.3459495195017768,-0.5969947409657915,-2.43295671089002,1.5473276483753895
0.6666353740297271,-0.07897007109033861,-0.9560998122274212,1.023132103107022,-0.0600318304679497,2.4412275549492732,-1.0844409538005464,-1.0071535544167345,0.37563948364917765,1.7521489887548625
0.9234950091566165,0.016224297443712694,0.31208515880716925,0.0991044529794293,1.1767244217342674,-0.23972778371076958,0.44794946105982225,0.8799579710729372,-0.5224467613609522,1.1829808786103588
-0.8878763291323183,-1.2567916534837806,-0.40917633460283004,-0.2726464085357631,-0.33167368926805996,0.6284112293702291,0.7588741347774545,-1.3144142120913604,0.19311852302485819,-1.07054546872276
-0.611404411116947,-0.40706036338896917,0.20983584073721567,0.7929746655830551,-1.4554700704688448,-1.6969901943915444,-0.12186644463304855,-0.9221389143949057,0.6895143739653589,-0.03085796203112754
-1.4785983069689765,0.3170785315293724,0.049404805705525724,-0.18330705462897082,-0.3933143736358834,-2.062437858246632,0.4003529845310434,-0.5386098626889358,-0.24800427272621403,1.0472524754763575
-0.9425405364463395,-0.16456409454983978,0.39567369422222365,-0.0355459557369858,-0.3089476958195892,-0.3188259215892435,-0.05739151060775232,-0.5893326192234597,2.3222970507588587,1.6853536460870664
0.8982081779118966,-0.8042389976944443,-0.3845153057515981,-0.5233032282838649,-1.7973321821102126,-1.0385415191650356,0.8502975052812267,-2.0932093585267615,-0.3802528269554232,1.2010502509213796
-1.6647392100144516,-1.4040374721966478,-0.003807295126339,1.3325784096574496,0.9371389222346111,-0.07713161646344596,-0.0035789350025470642,-0.6821182648369423,0.13219495689094857,0.8151147166342185
-0.8201362339380068,-2.3513229647731277,-0.7756604584799686,1.2566049822831573,-0.39316159078497326,0.4001143459757121,0.05497454089212109,-0.4923733152497358,-0.8858068980604953,0.03588739284975773
-1.6964600802424548,-0.13520603495567063,-2.202530151920417,1.0689954002310065,-0.16387440775033899,0.022396082190077146,0.774240095620029,0.43850432615760954,-1.231231416175964,-1.0143800124361104
1.6977956548392048,0.5017631234642171,0.8193417950197037,0.40871449814868127,0.9637984591528435,-1.5182561963765195,-0.604854279419604,0.5289963658624237,0.9010923371234785,-0.5457250382276536
-0.3279578290795007,-0.26587961559921697,-1.344988962073793,1.2099406579896965,-0.42783902406334196,0.5994312950363623,-1.4131195865244799,0.42239423128964343,-0.758663453294959,0.23767829686419467
-1.0030517058436808,2.0945797189055004,1.4741753225438723,0.37363790407090847,1.0083118052076574,-0.5030022748206887,0.8418001967149286,-0.9424955947806352,0.516415099744967,-0.3861930512189248
0.8643492826853293,0.00047647370297508964,1.1266565741338619,1.6720686736681913,0.3428535344752454,1.342506024566564,-0.5207062395461082,-1.0586070840349555,-0.9218454008898651,2.0594437618682475
-0.5148022982553606,-0.010677515371681528,-0.35432084741515185,-0.18243692548308113,0.015689036287683488,-1.688503452422081,-0.1581907156202596,-1.3111386921931965,-0.9404373227352797,0.32686391933681797
-0.10288420112212641,-1.513884695707694,-1.801054916624143,-1.3947369151347084,-0.6724051962881806,0.7786752824104173,-0.30883225058673275,-1.5590626742671376,0.14441657716876857,0.2948051461945449
0.380792317021033,-0.6431712167241189,0.08845279235783753,1.071726390159026,-1.138612371161507,-0.3164675648864919,-0.7921847880376565,-3.523480239954357,0.6866461315353035,-0.0165032697178934
-0.4824400548569421,0.2346793162391293,0.5992704618547819,-0.13144796711613127,-0.3949370616583806,-0.23082415317166638,-1.5947251330902388,0.8811748940461898,-0.019912718132374156,0.43851644378493054
0.6955941356448496,-0.7310635986220595,0.9954561341017862,-0.5423017113031224,0.9379737168081261,1.038146328832374,1.8309071107672805,-0.7798741350192734,0.19365056747374393,1.5286256187928746
-1.9527478672659644,-0.7176342881951311,-0.39387740521323145,0.037966388476310835,0.018973751104829156,-1.2069363600779581,-1.0794751186539915,-1.029301627295039,-1.5476711925061153,-0.6674908937376273
1.3271224147102452,2.1966046072811714,0.971828982628521,1.755061411439716,0.4168932311920905,-1.7796656869986462,0.46035348310737556,-0.6657775347532489,-0.0582772797091548,0.14813080390187322
-0.9352225592893985,0.7694913034570863,0.09332730917683064,-0.8393572641926272,-0.6403137939506882,1.5724009765872953,-1.1504382474613464,0.9431724384176037,-2.4154395342080592,0.9400880438012456
-0.7180685874639061,0.883943019792086,-0.7934471144870789,-0.7717474700398159,-1.1624354260876846,-0.4663381453012478,-0.06675561154194494,-1.1210107495714619,-1.7193759926384347,0.3839963694138763
-0.4292530140588119,-0.357269097784327,0.3739044152832664,-1.0407263536798648,1.0361039419919902,0.35695202617724375,-0.4035124432661769,-2.164696619600314,0.04782318426040297,-1.4833937271082989
0.48141549824533963,0.44108800641577145,1.1498195997424923,-0.8158826065895535,0.11334461361128759,0.01598708028725502,-0.2540143326027012,2.2961858153659174,1.0377494505331302,0.2080858273188712
0.13481438722412703,-0.9956682552079263,0.8448069670185276,1.5575197885113496,-0.3920429107339079,-1.3809337018899197,0.10217915290879656,-1.6109959977530262,0.7258231304126254,0.705364206976267
0.6058749299204532,0.9716209907193617,0.04588308613858126,-0.2660076318294889,0.2912405255026826,-1.3217209773471235,0.47044422703881017,-0.15734358626994951,0.570071439788401,0.7851160066066629
-0.3472651768898822,0.9667874944833537,0.538695968980992,-1.1813854444938272,-0.36245262342964785,-1.1608473711071872,-0.9059959993974964,1.1677065478592148,0.8964045512838342,0.05988986798408041
1.1361663711882868,0.6042844355347083,-0.30321708272340586,-1.5416480370058212,-0.6952472345233599,-1.4341226745488638,-0.06386256009675996,1.7420683207501546,0.8184615128116406,1.6203276743016415
0.6871296657806325,0.32946897263256536,-0.02694965162117723,0.44297682440614017,-0.06164104396415791,-0.684381751642481,0.04509459893194817,-0.7923437515137324,-0.8867666922169173,-1.066762411849486
0.34978979746798977,-0.3154912702857793,-0.5737371424789067,-1.436564042361495,-1.1139477553603194,-0.059823290977167036,0.5071596325068164,-1.7298926872623979,-0.46280001615535415,-0.2603855824875506
-0.3393932091119289,0.6033928939129451,0.2844705561788696,-1.266393205300398,0.35939376554798463,0.33508563247178436,1.8920728246535654,-0.7531373754805906,-1.0787706369927412,-0.879510128502846
-1.206529577728141,-0.4896858200025125,-0.3006430954459928,-0.3899100130565069,1.5738508002810108,-0.8568650736188343,0.9002787998337944,-1.5717839477584787,-0.35882414084956954,0.13657788492746245
-0.24293890888131808,-0.7552318707849552,-0.6758998093251688,0.1869439251208591,1.0355044122794506,-0.2364370813869275,0.40027904874480497,0.16638253849163567,1.8899131735765013,0.13479543861341847
0.5745709591867159,1.6035953554920004,0.5351660633149206,-0.37542975524517425,0.11003067779981653,-0.30344265757416583,1.796444629703468,-1.444552443414526,2.2365717258275826,0.02524171709739642
1.4689537333458833,0.11626051400753437,0.6758138493597521,-0.22282004954357185,-0.28604499611857426,1.602083051964285,-1.0265100452776903,1.6613993163245888,0.16721725520226635,0.3096436132883853
-0.43781642459253073,1.0899885724505223,0.7771160795506087,-1.0152546427544904,-0.2336462479648,-0.33785814253804863,-0.3267104698101193,-0.8162379658499075,-0.06093949917660965,1.0769363469480477
-1.0813708674313987,0.8673232616547482,-1.66510516454142,0.14418764329916284,0.24551718885402157,0.8761365060404823,-0.4167832394434598,1.1632551881351136,-1.019131064032139,1.2407341531207703
1.203960479498458,1.3398185798560631,0.6960783103157026,0.6989276500516471,1.12980753094884,-0.1474409465745293,-1.314201485912612,-0.20678011156781584,0.38347807284180435,-0.706435030372456
0.3835985854315769,-0.3120762190581315,1.848467040051951,0.014031814972355778,0.7828733550505712,0.9218033259415982,-1.2704957222003395,-1.9824140718559504,0.04833623858158724,0.03807532560245029
0.8616321199210896,0.20822253152454528,-0.32765769429761876,-0.46180786972400123,0.9097995033726498,-0.13819937593157006,0.14760615880121697,-3.59531251920816,0.2509263523365664,1.0098160503999531
-0.9246794797943917,1.7805737995732447,-1.681252289757143,0.1374420995104445,1.1833783593705411,0.1214717473997931,-0.0771126063385974,0.15668730532015757,0.831020270867805,-0.4405793939670049
-1.6298614660602404,0.3881508533433575,0.48939729976559576,-0.40277690532176136,0.6140380561432427,0.6422635494050505,0.8761173377378091,-0.7020577129183715,2.1279469225066285,-0.4828186593132078
1.0828593285674981,-1.2310201510728715,0.9521752262672218,-0.2824426008179951,0.39330352155229586,-0.15049334896334127,-0.723074880089781,0.2698298029061234,0.566567432108861,0.3308731381614863
0.14273158049800838,0.22014468066422102,-0.18209313099292979,0.14914648720403878,1.2359685359779875,-0.7205130928272254,-0.9085582071148279,1.0669880441390314,-0.9182966608192485,0.2907873529431232
0.5057398920608462,-0.7740785632084324,0.6096965730590062,0.16690174125153084,1.3700674841062026,0.11199520456090634,1.0509408618891323,-0.012479173744675345,-0.5386239161743085,-0.014252823896178027
0.9156685673038614,0.09785936631320259,-0.33288540533785865,-0.9356484227050899,0.40769327658446075,-1.037461154520269,-0.9764736794962983,-0.05056427731327841,-1.4303488637124657,-0.24472107044195412
0.6789468909787078,-0.7596979980148163,0.17620140755569783,0.7127578892572018,0.9022871193417719,-0.5766602122226917,-1.2381223450040024,-0.9434515812233656,0.588364299040338,0.3021663534288591
-0.20066532771252893,-0.8039994056566533,-0.8029756367000045,-2.0384327010634475,-0.8323425130957275,0.041427251467391527,1.070332394098579,0.21924824775100138,-0.6642046388290708,0.12547137697005536
-0.163344185069483,1.7647975236282258,0.08943250592796026,-1.4219899371013478,-0.2651281557583692,-1.1185035684244298,0.7074810421131349,0.8823320526042238,0.6885822166836786,0.07603978053752412
2.594309763136766,0.9857208435763191,-0.2180309965144885,2.2664527816446833,0.11108713385325933,0.4218603321638281,2.7159391456839606,-1.2387796451048463,-0.5054365576101101,-0.9493526109215046
-1.2068573519149044,-0.2754062608197069,1.5768030402322921,-0.9013918711933571,0.9269896536268447,-0.6132856133134325,1.7931373101771437,-0.7795777347405743,0.02381992492444306,1.2005109157596683
0.04511840962439895,0.8532007747232939,-0.8835986411547964,-0.02782810785108581,0.46453858267110226,-1.2129760159822534,0.4826753675829877,-0.3843392190058232,-0.734041849680344,1.143256137185877
-0.5645705308310743,-1.1239320772903683,-0.47612147673117033,-0.16200111777811035,-0.13671855438450373,1.5929139453392267,-0.8919105671759672,1.2667827575975312,0.2388872397176499,1.5979477454210007
-0.7769296020057672,1.0195032876421088,-1.062576381956599,-0.6741929188524445,0.5546111120846936,0.3616316789097182,0.4725973696586206,0.4195611291756173,0.8576962737581852,-0.6851584047597095
0.029265924080468096,-0.8003660698556121,-1.2133236033933383,0.5582040700095772,-2.021264841884948,-0.5064983752346618,1.0277938161223563,0.5406934723836944,0.30142393977473003,-0.2936999960975061
0.03334881908334054,-0.32458486211880344,-0.3054828633525979,-0.2893827105608568,-0.9586752361563275,-0.3721812396971303,0.7957602517044107,-0.6674740914105048,-0.8509205584569832,0.23766937341221173
-0.2751442481921217,0.4040276186618627,0.2733022565996945,0.5947489413881851,-1.0507470256953115,-0.38865007623789954,0.16650566273731304,-1.1603751128627138,-1.4395366584252427,0.790662335234886
-0.4034756214749675,-0.30107552332029036,-1.2256628502005467,0.11835010116704153,-0.5768516995924583,0.9614067417312941,-0.9735714054434448,-0.6370804854820018,-0.1416012022189778,0.8241740820361373
0.23034097554543456,0.3694726373000695,0.5202122693268676,0.32030052113509017,-0.0032747188989507466,-0.016427635290666227,1.1554305367956048,-1.1939693273394445,-0.8288217128817179,-0.5846987953361639
1.291480174823879,0.13428373958750917,0.52177426972204,-1.1056972373806717,0.9002453454556584,-0.9652826593610125,-0.27103764489707977,-0.24715952196851113,-0.9288190195868751,-1.2590553998664469
0.41237438382784114,0.21417849836626726,-0.5102273129259517,0.42818259900736644,-1.4705681130288502,-0.2656531581664858,-0.33681298550020666,-0.2607595677300927,-2.616777789980576,0.553781660952178
0.5094449993187796,1.0571854285774496,0.8215426730628316,2.000004058111365,-0.1878485752221472,-0.895370726217827,-0.24350261992201938,0.34933942440188864,-0.852437936843025,-0.8442291562721405
2.5383778486702466,0.13959677522244615,0.43072762024861294,0.5374210191417857,-0.2660854709746302,-0.45593115252019234,-0.19427141320926883,-1.5235218711368281,0.24830468766422778,-0.4976398434503815
1.3777765647036246,-1.371150204513087,-0.30077312451042904,-0.2847643395456124,-0.6641025821637015,-2.015762007598276,0.02237041216259906,1.2707630567064065,0.507922378805316,-1.2437336538517372
0.04284913890303958,-0.372563906877456,0.11412128495959814,-0.11133470902414068,-0.38176590768254803,-0.7788153604169292,-0.5512210199362717,-1.0707376393268309,0.8995683472899045,-0.010276234208783175
0.019320773966919405,-0.8328006794400613,0.5864906700574961,-1.3003293817746626,0.33837744205710185,-0.600100642889369,1.692753497599754,-2.4312674020900182,0.6494919876279573,1.1981531349795334
0.08548198192323575,0.37510283409782086,1.3649867386580934,-1.571123813954903,0.5989237003671957,1.12759354527062,-1.1741043399838054,0.22309609802692543,0.45320886863003945,0.2603914508028158
0.48084222117762426,-0.05233616936844892,-1.6521487078655097,0.42943038462133193,1.6918215907224106,0.618306778226173,-1.357415645731958,-0.31613488188611605,-0.880180987909496,1.2005416300848302
0.7964327763487835,-1.125062313697163,0.6128197513896507,-0.03480226691688943,1.6248770550499805,-2.1830927035070906,0.48721376389764837,0.7641340251224771,0.7271137102057676,0.9370751840683487
0.40469832874540157,-0.2724481619881526,-0.2659042399160422,0.10913834494710724,1.2293696092492623,0.6845008527873618,0.47066428596242416,-0.6743984367689239,0.32846141086955355,1.2724523534808274
-1.1993783750289537,-0.7778955688386413,-0.5598740348965385,-0.32305297699712426,0.2693268955873019,1.4165450036322285,-0.533350138207339,-0.8187066677484791,-1.7484049043459677,0.6544002032336301
-0.1233123149011241,-1.8434377806996112,0.43120513219166695,0.2455137536776797,0.7743239016111408,-0.2140895337594268,-0.12401695332646803,0.2178923566201051,0.396131861763982,0.11145969500115685
0.7390626838188983,-0.12845090549412147,-0.3920735298321142,1.1726283308853713,0.47854053417704867,1.4641987249098714,-0.9702538941841846,-0.4670199271350354,-1.7494643763740312,-0.89148671604266
-0.6918304631796496,0.13804713110363664,-0.1722395870148276,-0.7073399167401571,-0.026955976926885977,0.33327484444883837,0.01857506829328969,0.04874695816960441,-1.2179393606001148,-0.21142973831079864
-0.36093798443084363,-1.3130347389547328,-0.7286158900632838,-0.8096812466787455,0.017249580542557808,0.411329526688673,1.455056272881472,-0.7107222713174425,-0.16096230301622902,0.3803601068232648
-0.8284366328386185,0.24761703501625218,-1.0264041167654308,0.7313967925921417,-2.020076335711129,0.4963830508195309,0.5407431286544417,0.6721603827302797,0.21226939654360188,0.309743341932461
-0.12892373746094743,-0.31240634698032954,-0.9673373583403899,-0.4395085203982718,0.3590204064429823,-0.8108331618387972,0.10152791080212681,0.017540539313630858,0.37721783560503713,-0.5265410219549973
0.3590042734164917,-0.6172256149130441,1.2754576500690917,1.1764633926308727,1.1126456723541929,0.4001426555638835,-0.15850897979593928,1.449355427969547,0.9146361166629233,0.0030600443721153802
1.8119253564894742,-0.32436904013773493,0.2351747211418815,1.2963183002787102,0.2965717633253845,-2.076467021355468,-0.1647440637139768,-0.324591226406163,-0.9808733511874538,1.1031865001553325
0.464267852457338,-0.5348840933815855,-0.45532490524946706,0.056599099011100475,0.9996285174786114,-1.7705587205595343,0.34723451901486413,-0.09286142232185542,0.547539887156663,0.04434515971210655
0.9503908272569002,-0.3428726029222511,-0.960930969848721,-0.8192583589814433,0.34613410203028416,-0.9811913385705545,-0.24770417307880588,-0.3211543774372826,1.501043120329216,-0.9937180364636058
-0.4889248859308829,-0.21559187821737433,1.9375935116962308,1.0299253141718443,0.48469895728254747,0.38589948512709094,-0.003391401702692257,-0.5961491365086158,0.6430873918068738,1.939881528095664
-1.3680054179948025,-0.6184066669355002,-2.3071835292053127,0.11838890160988723,0.6430501217185794,1.3618057290934107,0.2647480453265777,-2.8046237490467183,-0.2560149562394034,0.8775729687528008
-1.732456323267298,0.4049974532152827,-0.9526390871724687,0.5061325878791507,0.7276442574077846,-0.3603164793605464,-0.7357035835448476,1.6022569673739824,0.994949120596946,-1.7421801456826225
0.9279423165904369,-0.8797108864444252,-0.9478472828559446,-0.27418700995418976,0.8108273472519899,-0.032491717215422516,-0.40593520634034047,-0.6255065183030981,-0.554919147819544,-0.965393436977669
-1.931645323545246,-0.035430677472616495,-0.5104026621313138,-0.5751244069968466,-0.027836712266053214,-0.11442233994077977,-0.7654160179844386,0.7309389119954873,-0.6608405212964167,0.14417992999405307
-0.36088473580019,-0.6075070976400881,-0.024202955291846757,0.4506644238674903,-1.8076186329146962,0.6234861188912455,0.4824510176535873,-1.0586444442118248,0.5051939833637648,1.4750649449759323
1.9200528476682097,1.3726323673122902,-0.22229192113055174,-0.16193660645139107,-0.6556013481458955,1.0767633111008128,-1.1335481755363896,-0.8589952162747957,-0.8696714905133246,-0.20381343847781708
0.10078227720210867,1.1796892042343858,0.7868691805121516,-0.6875156837177632,0.5469380056621931,0.5652284776260202,-0.40383402717701566,0.8715858081317087,0.18481952534765686,2.002992449410825
-0.8004085030075085,0.7089334227251604,-0.24373704623499032,0.349692989293727,-0.05731727624166862,-0.03449220904415686,-1.0126642447324183,-0.6772935228464843,0.9827716994014078,-1.1163505992133045
