f0,f1,f2,f3,f4,f5,f6,f7
2.8462,37,4.2056247344190005,0.9724674630701542,2487,3.2473267238354464,37.87,-122.46
9.31964538679276,22,7.911111111111111,0.9689076064996935,1553,3.0854523458781893,37.97,-122.47999999999999
3.918736644986067,32,4.075575278067835,1.076771405903461,1540,1.9218970610326322,33.8,-118.32
3.121184074552623,16,5.835476724988188,1.0902777777777777,1775,3.4,35.29,-119.09
4.125,36,9.05999739308939,2.309933303952494,709,2.057312640324139,33.87,-118.1
2.0364794173807335,30,2.4354514114702033,0.9580305871675342,987.6725682908218,3.178370632550675,34.27,-118.86
2.7847438819108827,44,4.234843352181791,1.0705987677330258,1186,2.93470804835296,34.01,-118.27
4.617355508945795,23,6.350966181812136,1.035065431387808,761,3.0492920695157295,37.97,-122
4.308883489257264,19,5.627301864331106,0.9668363082140629,574,2.814820168056341,33.95,-117.28
3.3281,44,5.4402108970706315,1.0990148763105123,604.985483104143,2.6692054188312246,34.16,-118.32
2.8142673886027882,11,4.927451840330837,1.0141138026610756,1931,3.1347309693239516,38.12,-121.47
2.6311652643598653,32,2.7998105708386145,0.9961314599563249,163,1.5620330429066314,37.61,-122.02
3.0187,35,5.43284878088317,1.0269533783260765,1756.325668803005,2.629992799881095,36.88,-120.09
4.7222,25,6.386632363310552,1.015787700084361,370.7624155268999,2.872077960557291,35.37,-119.72
2.0213596239478453,37,4.732062101687777,1.0128132396427185,792,3.3538775323390846,38.083556609387855,-121.82
3.8589535959023165,38,5.433548438628057,1.080914171545042,1101.369949316626,2.9156409296657655,33.79,-118.11
2.1310209045788575,17,3.7693797729821634,1.0155586987270155,3172.722991767827,3.4253910422905327,33.93,-117.49
3.5525207868391706,37,5.22753897451545,1.2301683340775342,587,2.5300513070957016,33.79,-117.93
3.25,7,4.655412416783683,1.089452566961622,4074.329470465418,2.119552457658088,38.56,-122.04
3.2321,38,5.190079790731843,1.0516462473293746,2071,3.098154531499884,34.5,-118.9
4.017474312378116,22,5.689930101957824,1.0428099144620235,2518.2690374438753,3.0861894249000175,34.18,-118.31
4.5833,38,5.332480818414322,1.0290907029261165,1079,3.300660582209275,33.94,-118.1
3.9547070544047553,37,5.242783578151052,1.0064935064935066,1046,2.662182586321588,32.58,-117.08000000000001
2.4741,48,6.041073722152387,1.537310039041878,638,3.5868724215628633,34.04,-117.41
2.7263937652917845,11,5.181256194941953,1.0193054528243748,919,2.063156904550982,38.61,-121.44
1.614855583580038,16,3.8194660232648103,1.0650390210399872,772.3872814047418,2.2535284772435666,32.68,-116.78999999999999
2.4741,45,4.196202558246601,1.0138888888888888,1692,4.235590820428385,34.06,-118.06
3.5913147414766904,22,5.235807860262009,0.9643911961549139,681,3.5810080629230026,33.78,-117.13
5.795582700277555,36,4.594339738739766,0.9176470588235294,306.6664342810118,2.3403859823011417,33.75,-118.06
4.375,30,6.115696318801614,1.1428571428571428,823,4.444444444444445,33.95,-118.04
5.382535422822597,44,5.841572091872854,0.9909443243189828,598,3.0564625312155105,33.9,-118.23
2.0329489169652595,47,4.448929179397741,1.1187435275540287,383,3.406535873360767,33.84,-118.18
1.8868848245146081,38,6.078357112860294,1.2808860337058727,785,3.501323456351936,36.44,-119.59
3.3615202115655416,24,5.843230296306515,1.0427807486631016,1786,3.06927978738963,36.98,-120.57
5.434772651882052,27,5.431188024097808,1.0633067370353066,628,1.5908546951625238,34.24,-119.02
2.7399,28,4.301911867478657,1.0726817042606516,3499.4363704028437,3.78715736073198,33.9,-118.04
3.5089,37,5.035206424464127,1.0509433962264152,1144,2.4160906231536288,37.75,-122.01
5.908263045843476,52,5.953213194021359,0.9650771276742509,55,2.5348503585066275,37.77,-122.42000000000002
3.9950845428044586,31,5.545694713222615,1.0031542586491378,1490,3.0375733180971976,37.94,-121.93
4.588065108011254,31,6.100301747920022,0.9851851851851852,573,2.726513741140619,32.84,-117.07680100853644
4.016796601520926,26,5.624523168244919,0.976939511859716,1100,3.3571479362866246,37.62,-121.44
4.0417,29,4.571892279323132,1.0691418191221527,1062,1.9654468765702133,33.359297578954845,-117.9
4.586698494624841,36,6.19094070135605,1.0943683409436835,1281,2.6460677859562756,37.85,-122.41999999999999
3.875,37,4.229963081219946,0.9071198027801348,325.3460392668525,2.1856500577423086,37.8,-122.45
3.4773,42,5.145941327190927,1.0689894298919014,600,3.151837223763848,33.95,-117.87
3.9514165048544942,9,5.244737964645569,0.9949496527282802,3002,2.6395248496367714,38.66,-121.89
3.5369026779190795,50,6.3560554555758575,1.375,584,2.5282715982784807,37.97,-122.53542936551699
3.8289231450783294,43,4.263829049304032,1.0724483367888324,646.4599681121408,1.8262472108016192,34.17,-118.61
5.108244563596476,52,6.1049107834840015,1.0407639228392367,889,2.5034965034965033,34.1,-118.26
3.5208000000000004,38,4.989996513683365,1.0507936507936508,814,2.576850476784,37.79,-122.4
2.2954892983000628,42,4.55611533404369,1.0540069154185578,1472,2.24427294407657,34.07,-117.26999999999998
3.5157790676740097,36,4.788584622542414,1.0552767105265055,1269,2.398066861216037,37.72,-122.22
4.0208,34,6.160684800737762,1.083972400328536,494.5618676399149,2.964646111838514,37.96,-122.04
3.1583,14,3.986522460956653,1.1338055009636792,2037.5695662516027,2.056686380110123,34.06,-118.26
3.590071826752043,17,4.724881249570027,0.9568572479357123,1065,3.133151537398446,32.59,-116.20572847564104
5.541335537112331,17,7.013886911019894,1.0705971653718418,1141,2.910914804210062,38.53,-122.56
3.4107,32,5.6907244232303515,1.057934508816121,733,3.1950989279344952,32.8,-117.08
5.1511073528702545,20,9.845679990023886,2.042605008946072,436,2.427788436247908,37.55,-122.08
4.131,16,4.385987370824818,1.0554346234614276,3134,2.4696469343586944,37.55,-122.15
3.596628414550925,28,4.143779936081984,1.036048511863568,1929.0092753508543,2.1666666666666665,33.63,-117.9
6.786626621456403,14,6.7901154020819545,0.9509130590800092,1071,3.248209092984361,33.73,-117.72
5.2452,29,5.950000000000001,1.0255264719204575,1933,3.7587744944912957,33.84,-117.95
3.3095,26,5.313718577240168,0.9547101922061562,1305,3.6141853210437134,39.25,-121.96
3.8583,48,5.185515955620378,1.0298847507475002,1098,3.5091863108534955,37.77,-122.45
3.0703,25,4.064605242661342,0.9932885906040269,1545.8169099043262,3.032645142703524,33.99,-118.21
5.1512,48,5.59520325180574,0.9508196721311475,388.39804822891995,2.724592319196908,33.95,-118.28
2.9896,35,5.057491436302874,1.047391381396124,1425,3.2051992917334684,37.99,-121.95000000000002
5.7604358057504825,36,6.81111652579303,1.1169590643274854,318,2.7264685141063403,34.1,-118.3
2.4598,16,6.307692307692308,1.2428371778616853,1207,2.721410664485579,40.88102448009177,-122.45
2.0417,7,4.928965392759926,1.1305084745762712,4319.9918843359665,2.3282268387854104,40.89,-122.38
5.141455242007874,28,4.879145118420155,0.9178082191780822,530,2.2608278232595915,37.53,-121.92
4.1719,39,4.442965108662213,1.0543126079082072,1267,1.7537205155745075,33.99,-118.36000000000001
1.738644195594712,35,3.696329190799858,1.0620680981539519,1339,2.701543924227731,37.76,-122.12
0.8883530832884245,52,4.165826543599509,1.1489668450499488,1221,3.1367720184527483,38.34,-122.47
5.401526130051456,27,6.208436100433136,1.083743842364532,823,3.010526385737628,37.7,-122.26
5.0866,47,5.567180750635781,1.0328097132621517,270,2.202028512570281,37.3,-121.99
2.428579582326829,35,2.970322408958283,1.0328227571115973,1030,2.6050275668760294,37.54,-121.88
5.199980161714006,9,6.253049054844023,1.0094194278619952,2121.8219192480938,2.9121551262556524,38.14,-122.12
2.1587482114436662,35,4.886599359429169,0.9333333333333333,716,2.647348567180509,40.42,-121.89
1.5980638271943663,42,2.7288522479998325,0.9359012939968228,1589,5.03514818933946,33.94,-118.04
4.2188,36,5.181818181818182,1.0368971487088448,1213,3.6357008787390495,34.06,-118.24
4.1083,39,5.173221216803967,1.04067126471134,1172,3.2857142857142856,33.92,-118.08
5.00112904780601,42,5.874683081522485,0.9712793733681462,928,2.3526916387956094,38.43,-122.49
6.038241836563508,27,7.355521227320816,1.0961274836708947,546,3.545454545454545,33.81,-117.95
13.369132432098475,44,19.849558818685527,1.2164710730796586,952,2.9363601811747673,37.6,-122.27
5.485308760741401,28,6.277083690643085,1.054343595030139,1867,2.8779192342677145,33.91,-117.83
2.293,16,4.233919539913446,1.115595364397039,2114,3.2250937036161478,37.68,-121.79999999999998
3.489809982929758,37,4.610528873468612,0.9478408438969546,1352,3.152475569152074,34.04,-118.11
3.163320209920935,32,4.763414855331366,1.018726226772087,2369.1879536719916,3.1161149960846037,37.79,-122.23
2.6146,42,4.305563461247965,1.096774193548387,1548,2.422578947343905,33.89,-118.3
5.037994205455305,12,6.729091302049565,1.0841584158415842,2795,3.0029034052358865,37.96,-121.95
2.1078,23,4.210355927640926,1.1467005177368568,4224.451758722638,5.255868797635582,33.74,-117.4
3.0723872136504946,22,3.6589881796084596,1.1666666666666667,3095.3603649687047,1.8399525327020383,37.81,-122.46
3.2559187085767265,5,7.020568912320082,1.9165142658478505,747,1.9324022144319528,37.92,-121.36
3.9792,8,5.803347280334728,1.0460599758174465,3484.309071730733,3.2033647758530366,33.99,-117.18
4.112345472651082,43,5.211140228035834,1.0193268731850587,1036.8296233464416,4.6551996743773225,33.96,-118.02
2.2201582320139717,29,3.748467290810512,1.014792899408284,1704,3.2764501743649723,32.68,-115.94817503283011
5.2088161743834105,46,5.527880952069922,0.9806451612903225,808,2.3926491067789057,37.76,-122.32999999999998
2.3284905162610245,23,5.241754672581978,1.0808181255395157,2917.007312379781,4.741555210888854,36.94,-120.47
3.1538856078656776,39,5.113233300648064,1.5976412188453983,747,2.717948717948718,37.95,-122.74
4.125,36,6.089171974522294,1.1047026787971015,984,3.217822711611316,33.82,-117.95
3.0157156213476757,20,5.324207785292693,1.085399931631924,1200,2.434899182809964,34.19,-118.31
4.690748684266898,28,5.371578491879999,1.0455994351907072,3256.3295348639494,2.920582659905418,37.72,-122.42
3.2753438790922487,52,4.262565398247721,0.9358006309240146,676,2.459600138483313,33.89471128773813,-118.29
1.831922167575072,16,5.923989944672103,1.2951154136127845,2021,3.0023046799574007,41.10164803236607,-122.27
2.9078650629487455,23,4.165911559697101,1.1656685832902598,1257,1.6619116005778396,33.46,-117.76
12.339923534138157,52,11.392344765069364,1.0903917414912883,446,2.654974720492069,34.07,-118.4
3.3958,37,5.595392930236308,1.021246781835347,975,2.7180602764094424,38.34,-122.29
2.212117191597842,33,4.216597486835363,1.0064027883372955,727,2.417395666608163,32.68800675746475,-116.54
4.310227683760197,19,5.8505572116488676,1.056717020548592,1542,2.4316530216709515,32.79,-117.06
2.022489643988086,12,4.679185496789979,0.9596321427493593,1332,3.227857140870322,40.8,-122.28
3.8158000000000003,34,4.621309491540132,1.0132527935768691,1698,3.078946470942624,37.73,-122.28
10.350780946757796,25,8.093459827668608,0.9694104484707466,999,2.923927660425312,34.15,-118.24
5.7843,33,5.43100642237743,1.006139348291754,1284,2.0952380952380953,33.93,-118.35
2.3214,43,3.4673105432305045,0.896537900786514,50,2.5059878147627495,34.07,-118.17000000000002
4.226370566233203,21,5.431358055562023,1.0243483828607902,1118,2.596774193548387,33.82161066185178,-117.36000000000001
2.2625,23,4.0282377452084015,1.152542372881356,3669.9464306077316,3.8,34.06,-117.98
4.279037218131047,33,5.584024511582088,0.9013446989405082,819.6201693114726,3.435714980609148,33.81,-117.27
3.1510843338973133,19,4.601912687453602,0.8951258168971802,426,3.0296243125177265,33.82,-117.15
4.7386,11,7.037627910796135,1.0844617195298225,3192.498984860671,3.390024458580119,38.64,-121.94
3.925,50,5.486257057638192,1.0908719946882461,1224,3.431862783909547,33.86,-118.02
2.1071,44,3.7912743014866463,1.085098645754985,1697,3.374059479235432,37.85,-122.52
6.0487,28,6.732048984648586,1.006897088006339,2191.145455571059,3.562243537615024,33.83,-117.75
1.6186556455114085,30,2.2255296197341776,1.048118399771414,2920,4.753524850762089,33.78,-118.16
2.326420640593184,34,3.9173480300575534,1.1527362281609264,740,1.8973202341744464,34.18,-118.44
8.527123962564211,18,7.00657464567321,0.9979259812312735,1424,2.3976608187134505,34.19,-118.85
2.25,38,4.735632183908046,1.060839865222005,370,2.6988235294117646,34.1,-117.27
4.555413090939186,10,6.017248952952072,1.0784071372077413,2831,3.534002066848016,33.99,-117.37
3.5039,21,4.750402777520451,1.0376990301103581,2710,2.411025979115534,37.38,-121.42
5.44935500702178,35,5.403147425545348,1.070115171387283,963,2.1197050097993784,33.85,-118.22
3.067242925986574,25,3.111191739694111,1.0754716981132075,1439,1.5545664108036998,33.71,-118.07
1.9,29,3.576354375907169,1.054054054054054,2717.35027302641,3.861360056803459,33.93,-117.99
5.063677011952296,36,5.710605016694438,1.0139411798870377,1242,2.6824650696261143,34.1,-118.19
2.2222,23,4.78577740351807,1.0812720848056536,2296,3.2678579714625036,38,-121.91
15.0001,18,12.275403519629691,1.083411665607506,902,4.126473838652141,33.69,-117.75999999999999
3.5220359151881135,46,4.679217174048652,1.0382492382692583,839,2.172010441000747,37.82,-122.44
10.485204826338713,20,7.746142713498005,0.9871790324010636,1072,2.627479555732556,32.81,-117.18
2.8135087420409457,37,4.094545454545455,0.8446074053256807,915,3.2133765405494543,32.71,-117.06948557319033
1.4792,40,2.6221618206562685,1.0122475048095583,1271,3.85878347551348,33.98,-118.24
4.900806602775413,52,5.678668856674745,0.9471171011180759,832.2507534900715,2.735772861434528,37.7,-121.98999999999998
6.741301431752706,34,6.972479613026867,1.0810810810810811,821.6671129268198,3.1291172826595215,33.94,-118.13
2.4375,31,5.055151355308293,1.0928426406553726,1827.4431807634828,3.293653875310744,36.59,-119.81
2.3944450479420065,26,3.7824228675375666,1.0991379310344827,2609,2.9226106350399355,33.78,-118.05
5.10290290244058,24,6.379873343074417,1.0454545454545454,1840,2.82492402474859,37.67,-121.61000000000001
3.090069662140995,33,5.144542357570581,1.0308884921218258,445,2.2951025763472592,33.85,-117.22
2.6384720778482276,34,5.82947147545241,1.2383484362954276,434,3.5044563022656607,33.99,-117.22
8.148799828074225,14,7.166666666666667,1.0338028169014084,1758,2.532920185614628,38.67,-122.01000000000002
4.5714,46,6.490753946333019,1.0655316231288647,693,2.858485769972475,34.12,-118.16
2.8835,38,3.67547208692354,0.9578355255202833,803,4.4153837641751155,33.74,-118.03
3.1607,30,5.417545745484635,1.0723547492496142,206.65927629082364,3.371240993760205,34.02,-117.34
9.12080252030871,33,9.773006706786095,1.1612903225806452,761,2.8495616391644587,33.6,-117.89
6.4860075958468695,30,7.129329135921084,1.103011304122748,1421,2.736436066041512,37.48,-122.07
2.560009498526941,39,3.7588359293489546,0.9797297297297296,1133,4.489077545886584,33.94538710479627,-117.87
3.6875,43,4.086489476805011,0.8994757264715204,523,2.583065039832079,34.02,-118.19
2.75,41,4.437573826397408,1.1111111111111112,821.9813120425797,3.5753883655231014,33.9,-118.18
3.5179,17,6.278892502946542,1.0891967896251504,1579,3.0276823095291654,40.39551642444871,-122.58
15.0001,26,10.519583164100947,1.0757392993052046,1124,2.796789945819392,32.77,-117.11
1.7266229715489525,29,4.808808287777235,1.1119717200114014,1618,3.516458441055787,34.95,-118.49000000000001
5.73754737071696,16,6.273782161880038,1.0728054275708598,2559.283253290265,2.6117282274507128,33.19,-117.35
3.221754233369128,30,5.359807477058885,1.0902777777777777,1167,2.909090909090909,33.95,-117.31
5.027396244885509,17,5.087128361497878,1.0172413793103448,4485.752903816934,2.5185250243342896,34.05,-118.27
5.4351,33,5.968640458407704,1.0076119633663823,857,2.276935901924375,37.58,-121.95
2.6414967188526806,34,4.210349784069739,0.9947348476183125,2010,4.766830574544498,33.88,-117.97
6.008864261036577,39,6.028761108639241,0.9917802125793547,1041,2.519071606114947,33.93,-118.36
3.386459706277993,28,5.3839080374034385,1.0987653868255196,1662,2.409381424506733,38.66,-122.28
1.625,36,4.388460955936937,1.1361983446054924,1742,4.185008122698964,34.04,-117.4
3.5625,5,4.962196446070636,1.0030776984842664,1914,3.1808145959139895,37.86,-121.62
2.3479124592318072,18,3.5478794682417627,1.0363302378707782,2001.4013999995623,2.8484312891202634,33.91,-117.93
2.352309331729411,9,4.710539663622995,1.0811420115436883,4998.789245258096,2.1679863630074734,39.33,-121.63
3.3623418174522133,14,5.9705966084541995,1.098777864043125,1678.8660952704176,2.727272727272727,39.36,-121.78
4.425,26,5.085294605570073,1.026651537966153,1832,2.460317854899426,34.17,-118.47
1.5110837510399842,41,5.001465023883293,1.2245797292880702,383,3.7935487613757655,35.57456173964725,-119.29000000000002
4.0057,36,5.366510736038773,1.0609756097560976,1430,3.2170485958258244,33.81,-117.97
10.054349208549095,37,7.990237244122031,1.0369230769230768,1135,2.7773387012434627,33.94,-118.26
4.3958,5,5.436844942576194,1.0904205595966328,1175,2.6718017260436615,38.36,-121.98
4.2109,5,4.04078000993364,1.078611193647379,3523,2.033407338641258,37.44,-122
4.707048053296592,44,5.712508634033046,0.9938293106890536,450.7587890683926,2.508963889103287,34.17,-118.45
5.15385001032929,36,6.042122258109313,0.9754901960784313,1174,3.0232558139534884,34.05,-118.02
2.675,32,3.865669527100767,0.9509142859312547,1301,3.274589202798424,37.72,-122.0586604252121
5.398923364561199,29,6.052787299035229,0.9797589855524939,1585,3.4673003064532146,34.2,-118.48
3.530894582837222,38,4.748421553036183,1.0445486910978459,1196,3.1875,33.77,-118.07
4.3553,37,5.994247875348572,1.032520325203252,1065,2.6215667924113033,32.79,-117.1
5.43915056876059,52,5.8192617772554796,0.9950980392156863,849,2.550351333938231,37.78,-122.51999999999998
3.1791689420834075,17,4.156124157762114,1.0602986435563855,3837.2488443932925,2.9615384615384617,37.4,-122.04
3.5892999999999997,30,5.257086165557731,1.0169901725134707,1027,2.417402056192737,38.64,-122.07
5.796557101016847,27,6.631578947368421,1,755,3.180310685985803,32.61,-117.06
2.5192000000000005,40,4.017328206558408,1.0598594503605971,2086,3.7032325260095833,34.18,-118.42
3.5909,8,4.101542453752574,1.1432600412076535,1925,1.700650759219089,34.15,-118.47
3.418602037369241,44,3.9368630151430706,1.0668116452843568,768,1.6984493951246145,34.14,-118.42
1.7929,17,4.316581749822884,1.106294927879463,1181,2.5602836879432624,38.43,-122.09
6.24615422943178,37,6.920868518354784,1.1506849315068493,594,2.9040779809174913,33.98,-118.18
3.836605688592029,15,4.297282207492133,1.1269871033270962,1997.6330385057008,1.9115818460031433,34.03,-118.32
1.8679985962608787,12,4.395244763068333,1.1277455333810167,3100,3.1379709906360156,34.36,-118.36000000000001
7.785837005409383,18,7.494502084186346,0.9967334973674616,2726.0031903672116,3.0641849533105363,37.66,-121.87
7.312834163108367,34,8.173488819448409,1.2608772567483135,495.2559540802904,2.2350501180266087,34.04,-118.32
1.6951210782530906,43,3.450963422364113,1.0772620555419605,1759,3.761767539201556,34.05,-118.1
5.668092436340372,46,5.532577019132614,1.023904976071188,938,2.3047298385788415,34.02,-118.42
4.95415621879174,34,5.350844882276578,1.0156464772655314,1291,2.784313725490196,33.86,-118.22
5.229871495067131,36,6.033892077261582,1.0290711514592101,1441.5042005033465,2.8863610871743908,34.02,-118.17
4.005,26,4.510941888828962,0.9942450469955239,1886,3.1636890156751596,33.78,-118.00999999999999
2.25,40,2.0593342476060252,1.0172413793103448,2812,4.992933995483767,33.92,-118.19
2.829901924092142,23,6.380864429415183,1.192841216218827,633,2.9974453610828062,40.47,-121.88
5.65043810733075,18,10.214550722200256,1.75,1349,2.373290401848246,32.81,-117.08
2.1094,42,5.078859696033897,0.9710963271441606,1079,3.7964208393639756,36.96490594877081,-120.69
4.625,36,5.788235294117647,1.0065017635557514,1002,2.8402534379174886,34.07,-118.04000000000002
3.300782573565523,43,5.098994761870932,0.9833548754235616,1113,2.9843900503909895,38.228257909823114,-122.5
3.135419161771551,41,5.5943028467689455,1.0795107033639144,1292,3.136029411764706,33.11,-117.13999999999999
2.7087880493827283,18,4.712260553285371,1.0579799823073825,6905.763804739137,2.4454435531247065,32.74,-116.86
7.270723209234587,30,7.44294465419478,1.0424694620732065,1828.1336373976046,3.5199126583230953,33.93,-117.94
4.126122746426807,21,4.121713769006742,1.0706302317924075,1975.6111143312319,1.7900319897775612,32.87,-117.51751533400699
3.1288098785685134,47,5.562724719746538,1.050420168067227,851,2.327293023903013,37.29,-120.98
5.403143322013058,8,7.093440500217251,1.104534701932962,846,2.669203795659927,34.28,-118.13
3.1719,32,5.46309877075032,1.0912002950780029,1425,4.1265779345933975,37.79,-122.27
6.39889624404689,24,6.637337047398632,1.0396825396825398,1955.156699881547,2.8158642169159935,34.07,-118.2
3.850521500073141,26,4.751394312433458,1.0577617328519855,1405,3.3798228127467587,34.21,-118.56
4.0156,25,5.853341246210816,1.2,730,3.819445020851191,34.07,-118.17
3.3347937889171395,34,6.0692649423490534,1.0595589526783922,521,3.5546904500827963,36.59,-120.42000000000002
2.3456,16,3.9825865864402097,0.9836273084735324,1470.9673105293023,3.4277804073523095,37.98,-122.1
2.0113102537057634,26,4.52449016831174,1.1397232530570682,1431,4.466176408910652,34.06,-117.25
4.7109,34,6.6653303842950695,1.075,1145,3.136060227869257,38,-122.22
3.125,40,5.249941535001025,0.9923664122137404,1051,3.3186347831468925,33.48,-117.23
2.103756617112124,20,5.6068716048750105,1.2458456051807287,692,2.442873348298954,41.35200336221816,-124.04921086978958
2.3125,17,5.014481271781519,1.0753623188405796,2445,3.1741900521492044,39.2947912109967,-121.66
2.652319009782432,14,6.400712298115075,1.4359689698863085,960,2.6392955278144434,34.87,-118.29
5.31813526980015,39,6.53744602951711,1.0548598913049425,403,2.886954739521805,33.91,-118.24
2.736099007501026,36,4.783049642101033,1.094488188976378,1141,2.70409844710992,37.57,-121.37
2.7083,16,6.335433273880524,1.2104492853955284,1423,2.660450173508138,38.68,-121.33
5.301550120540213,35,5.573913043478261,1,1464.4050192075865,3.4880413536933226,33.79,-118.13999999999999
2.8333,49,4.284457771241473,1.011204481792717,858,2.2674418604651163,34.1,-118.32
4.3173,42,4.928705951871461,0.9651513218973912,866,2.6689041894334813,37.7,-122.19
4.425531855134833,17,5.5912916252544385,0.9769230769230769,1497,2.679071332099557,36.84,-120.43
2.775,38,5.9618064028199935,1.1686304246739927,1368.3485699173834,2.7048193981170723,39.52,-122.7
1.8541623686255633,23,2.383459974701851,0.9552717678412597,819,3.5969723556010713,34,-118.25999999999999
14.935027021457454,28,10.302445819159882,1.0396400262970744,1107,2.783991908774011,37.67,-121.98000000000002
5.040621539952513,41,5.323016596424365,1.0050251256281406,1018,2.7087604972998376,33.89,-118.12
3.933641783906306,33,4.766776951619499,1,965,2.2369162662662863,33.76,-118.04
5.938226472320037,18,5.947301004344938,0.9054080876217391,827,2.793103448275862,33.56,-117.48000000000002
2.227512694127463,24,3.20115723033336,0.9762528871769866,1392,3.78987492788216,33.95,-118.24
5.336847842527137,33,5.854010582546796,0.9936305732484076,1546,2.849613283314966,33.78,-117.95999999999998
3.7065503754974456,35,5.949196318821741,1.0766423357664234,967,2.8191330564261943,33.89,-117.25
3.0263,16,5.0099707983122155,1.140137743595536,3333.3584925708783,3.039048966068742,33.84,-117.25
3.1964,18,6.373962373853095,1.299133164168305,1047,3.3839033757772823,34.18,-118.35
2.658973306798885,36,3.972972972972973,1,1469,3.0721153846153846,37.8,-122.26
5.508455575265133,19,6.648880103295589,1.0583153347732182,1221,2.5890633215414574,37.99,-122.13999999999999
2.975,52,4.2744058744151765,1.0263062309230961,1159,3.7710565117673993,37.78,-122.47
4.09824209326286,18,5.418161872172046,1.0252631578947369,2740.5747485049433,2.871477506256208,34.14,-118.12
4,13,4.902041012052861,1.0911744233330052,4478.279449580326,2.684028279979629,33.86,-117.88
2.7808877876346547,34,5.2699157219879895,0.9753855929367361,1017,2.6601307189542482,38.24,-121.8
5.7789054781760125,47,5.62612025421587,0.9273738999828369,568,2.7007856780187525,37.48,-122.14
7.63717488827324,17,8.358612247801368,1.1226415094339623,2096.0421766664276,3.0461010203367485,34.06,-118.18
4.05498513684802,34,5.111412044909438,0.9680638722554891,737,2.4368531685242045,33.94,-117.89
3.910446267135482,30,4.907421888093363,1.0845070422535212,1872,2.7336666710228226,33.81,-118.04
3.4125,18,5.339113211091468,1.0677529806252402,1870,3.5100555759988135,33.81,-117.2
1.0597374622081754,15,4.212530488425912,1.0715543004503074,1991,2.28200481955076,40.61,-122.25
7.988826931888626,18,7.3844964883113136,0.9571428571428572,1488,3.650228472633323,37.72,-122.19
2.237326435566558,25,5.044887303135817,1.0328885976665871,767.9283242622664,2.095563708612044,38.79,-121.39000000000001
6.60979536437668,35,6.8413120607196,0.9913050298438162,1135,3.506401571328018,34.02,-118.21
3.7973707084194657,44,5.430930857203204,1.0502283105022832,548,3.2584693495175885,33.91,-118.08000000000001
4.019466266551834,52,5.153846153846154,1.0791173676000079,953,2.515580319197091,33.9,-118.29840192472116
2.455072008630063,52,4.4915232460549435,1.017647731192157,372,2.2268999193679164,38.02,-122.29999999999998
5.08238073581736,26,6.197276176751155,1.1,1965.5059163554033,2.663875672816539,37.76,-122.27
3.4088544718376093,32,6.011876633202853,1.0452081641494502,514,2.9137374469655484,38.47,-121.9
3.8749998951357547,41,4.379863573964219,0.9440658044181521,1047,2.6585492391587504,33.77,-118.15
6.3373,52,4.821258175601796,0.9937374944400595,712,1.923913043478261,33.79,-118.25999999999999
1.6708080939587906,42,4.5,1.0154610542900617,1281,4.161671388048938,36.55,-119.81
2.176074458530816,52,2.890828345227965,1.030188679245283,1242,2.513680212882592,37.408621060745084,-121.92000000000002
4.9375,39,5.631642488564415,0.9535355535152421,319,2.7007422736802167,34,-118.13
2.614622400009953,4,5.760074660706431,1.1859910500158115,2664.9371628910085,3.912764869334119,35.64,-119.22
4.574947746849115,3,5.811971690023943,1.0850057670198996,4360.9698007964325,2.8979987582821174,38.49,-122.14
1.485580842585325,42,4.098543217425977,1.094488188976378,1254,3.728707354122828,38.51,-121.97
2.3516226309137194,34,4.346588828294226,1.088355530406648,1647,2.8900314531699864,32.96,-117.13
2.181,25,4.851054880852907,1.1634958434793805,1105,2.4817309001603816,34.1,-117.18
3.125,52,5.813361706700972,1.119047619047619,522,3.174506175572934,37.65,-122.03
4.1111140877287164,52,6.095557526308262,1.078897849433917,238,3.2366544694198325,34.04,-118.20999999999998
4.793135693878416,16,7.00341411752222,1.132153647306356,818,3.8775156274654594,33.75,-117.31
5.6497678247804135,17,6.366002117213561,1,1465,3.073528514904852,33.94,-117.69
3.318146939063239,31,5.448598254372065,1.016,836,2.8239562167846426,36.96,-120.42
2.225123919159297,29,3.0526657632633714,1.013612532569776,1275,2.5038950959280726,35.16,-119.81
10.97167232475776,24,7.802162806557396,0.8699186991869918,434,3.18677108228829,33.79,-118.08
1.8375,17,4.307683164300231,1.0637504646168046,1931,3.124577441165445,32.72,-115.38696963654242
1.9426461036890537,45,6.1458485210029,1.539225854722444,499,2.97925266382999,36.07452309541836,-119.01999999999998
3.1607,34,4.789516004770141,0.9621340049470476,1486,2.8850274172463113,34.15,-118.23000000000002
4.945439185292518,27,6.13559147692393,1.0487506255718424,1212,3.579594556305627,33.83,-117.94
2.3291389702121474,13,5.6167809724997655,1.258779019285683,2033,2.6153269782477917,40.99,-122.51
3.1786,52,4.735632183908046,1.0232558139534884,637,2.7938191336709153,37.94,-122.44
5.244318332670652,36,6.781068257018584,1.1568533040881017,1326,3.09027221910444,33.82,-118.13
7.763698782482042,14,10.067899661726242,1.1465160120924922,1408,3.6012026300991784,37.93,-122.04
4.625,30,5.530606180018736,1.0459219761145293,1983.071427351173,2.6561318172032915,34.27,-119.01000000000002
3.7154447228229044,33,4.139328461451985,1.0030462639168738,910,2.0761258156220257,33.72,-117.98
4.0833,24,4.352763617952657,1.0287769784172662,1177,2.293103448275862,33.75,-118.16
4.45,20,6.277051873597906,1.092485922845001,772,2.8129523152568647,38.43,-122.05
6.0102,45,6.096523499421119,0.9917376976654267,598,2.732451264656793,33.84,-118.15
4.504070397485874,12,5.661109316840854,1.1646709113832459,2419,2.676031316749847,34.08,-118.01999999999998
3.3438,31,4.603799800428061,1.0736196319018405,911,2.4902541489682073,34.28,-119.13999999999999
5.183299314615972,6,6.682144411186854,1.0643919852042192,4874.420580815386,2.884371200796331,38.6,-122.39000000000001
6.194018968549753,52,6.537660707708078,1.156889718852836,543,2.8434720049902196,34.04,-118.19
6.600245124835141,52,6.563283037193281,1.032931735726993,399,2.856848712958538,34.09,-118.12
5.7408441996295325,5,8.355765776173481,1.1658923626795477,1257,3.3524052931622834,33.99,-117.16
2.2899558945072522,4,4.494901726672925,1.1181468402504242,4483.884854334408,3.4,32.69269974270291,-116.23
3.9698860321700877,17,4.844646307123776,1.1625756202101767,2966.918776357903,2.4846811166466454,33.76,-118.22
3.9659210475045112,35,5.765993887411045,1.0352049450347331,775.7436049830881,2.7264068978903797,36.54,-120.31
3.7159691685316663,31,6.154564085528787,1.0857787810383748,742,2.6924319862494577,37.74,-121.47
1.4093945285286649,52,4.000747475683452,1.4477692273546847,434,2.754178489469278,34.09,-118.14
4.338363931164225,47,5.287567852003382,1.0113358743208154,785,3.1254068679949754,33.89,-118.08
4.148885922855531,22,5.709902992702007,1.1772280860154478,1379,2.559954780635917,33.97,-118.03
3.724,40,4.9005533688015,1,658,2.9716828821419075,33.79,-117.87
1.991922913739208,44,3.3459022555149573,1.1013335309800585,1200,2.809843549345468,33.99,-118.26
3.6448649594895244,16,4.779499766636518,1.0065944914636815,2460.9663040871237,3.39683369602852,33.83,-117.33
6.529783100161848,16,6.8818350207790076,1.0277777777777777,2304,3.820523957907491,34.28,-119.16
3.5,29,5.178402039359931,1.083916083916084,1176.7393889326777,2.7256975595792454,34.04,-117.9
1.5078,23,3.2549019607843137,1.0856715095846379,2204,3.117284120194843,32.71,-115.52
6.941438494548024,24,7.577147371179411,1.0370021642790217,1528,2.8586801759363074,35.73,-120.3
1.6318016689417665,22,6.867145123784464,2.114628329388643,1115,4.793028495698275,33.65,-116.94999999999999
3.9300000000000006,35,5.70854952751518,0.9586196684168048,687,2.8129192983304994,37.8,-121.83
4.328785061471598,23,5.488304765643546,1.0348617843899355,733,2.7379010422697316,34.1,-118.21
2.6149,34,4.8778557429964735,0.9515543898702553,272,3.0879681579844314,37.9,-121.59
4.489027522854412,37,4.764759357870697,1.0027092835697191,807,2.5808874213067217,33.8,-118.12
3.3085763622819426,19,5.161193421211454,1.1406491499227203,988,2.1785495356733695,37.47,-121.29
5.094204192817779,9,7.166666666666667,1.1236593363834508,1320,2.8906515198706155,37.95,-121.53
3.061237884440952,16,5.836906739232115,1.1109232841949028,1813.6815517429404,2.7153284671532845,40.2,-121.9
1.462522744813073,52,4.49788362004145,1.0888888888888888,573,3.026225890631756,38.51,-122.5
4.1567262428276575,36,5.277465746416091,0.9680365296803652,1284,2.945789781108518,33.99,-117.91
1.55,51,3.0764145246005214,0.8,351,2.886397644314023,38.41,-122.15
5.011269198979855,30,5.410613584021099,0.9683168316831683,1369,3.109283822726218,34,-117.95
3.4606194466293076,20,5.922555522341764,1.0607006297075223,2644.2458428471255,3.6000000000000005,35.158217597691596,-119.17
2.0673,24,4.728888888888889,1.0800940487478696,2095,2.210464791992301,40.65835345417683,-122.15
5.541186356954962,25,6.557605492762226,1.1071428571428572,826,3.6881129440612295,33.82,-117.87
8.383751737647401,26,8.579218524563814,1.170835700818504,987,4.288758002868157,33.69,-117.9
3.5441326062406824,36,4.32423392350479,0.9452054794520548,1089,3.16935058331672,34.14,-118.36
2.1898,32,4.037373949750381,1.0731707317073171,1371,3.916457485271236,34.45,-119.45
2.133374573021401,29,5.404109589041096,1.3038604542066192,1987.5072850137021,6.01819657306679,34.43,-118.49000000000001
4.4519,46,4.5,1.11911074461402,648.4893640444193,1.72660527036288,33.83,-118.32
3.017,42,4.8382905249042825,1.0342685887581866,850,4.089220700137638,34.05,-118.14000000000001
1.9720628854642532,22,4.402387473088032,0.9821406200649678,1187,2.997991060268757,39.784979095814236,-121.96
5.8316619368274285,49,6.7232556905895,1.0078050452928622,495,2.3165526454756704,37.78,-122.27000000000001
4.944924162811295,42,5.36626312615715,1.069090909090909,831,2.1345709086244957,33.94,-118.39000000000001
1.6478290662129889,52,2.629206739915523,1.0198556918885697,368,3.625,34.06,-118.23
2.25,37,4.95856189018055,1.1168290882496121,851,4.087889545031476,34.09,-117.93
15.0001,20,8.256489681367507,0.9188308403797093,837.013955435702,2.8745680254535864,37.78,-122.24
2.632203135526466,25,4.921958021584352,1.0162270959258557,1700.5769300888805,2.739729101969359,34.43,-118.32
2.1094,28,5,1.0990461819432809,3072.3968301349396,3.1360166624142267,39.22,-121.94
4.4063,40,4.968771810586584,1.0324654178011987,1311,2.6383289775612138,33.88,-118.30000000000001
2.993399636896084,32,4.7301204819277105,1.0274406793150357,1106,3.108274537029229,34.06,-117.57
5.623477256866709,28,6.569014030848477,1.0829831849288023,1715,3.166790173736435,33.88,-117.95000000000002
3.6875,26,5.70644681049101,1.0604026845637584,2165,3.125636305292784,34.25,-118.45999999999998
6.472454741043748,18,7.604597780924385,1.0357142857142858,1226,3.0220500754150676,38.47319108993566,-122.24
4.1316,34,7.292977135765525,1.4728583603480065,904,3.095181381115549,34,-117.41
2.693516883764961,52,4.213476724773246,0.9564090036254668,608,2.6238286702788773,37.79,-122.34
7.119724577983198,16,6.800097994242746,1.0140845070422535,2271,3.03660505970531,37.66,-121.98000000000002
3.934701788820213,39,5.002873557456334,1.0565251136815457,2240,2.494032077509667,34,-118.27
4,16,5.358646213376504,0.9702883906560481,1542,2.91902504579656,37.96,-121.84
1.865260894359639,16,5.410604311942647,1.263104989880727,1663.1550094533268,2.9572575828337673,38.59,-121.32
6.394847774761509,25,6.749960940458794,1.074661124397911,276,2.5743122131747826,37.31,-122.01999999999998
3.5507554331165525,43,5.389842376660296,1.029049829161674,801,2.6451612903225805,38.54,-122.87
8.750610647884393,28,6.893727589793297,1.026368620427673,1690.0221000804322,2.583011583011583,37.55,-122.15
3.125,9,5.64307645162826,1.1126897779990657,3968.287656928949,2.486344442100776,33.85,-117.07
4.4,15,6.932846328797692,1.1864406779661016,1823,2.4943487063565235,34.66,-118.36000000000001
6.45777018197886,15,6.002406094856457,1.1076923076923078,3568.4919631722805,2.057071923642882,34.13,-118.46
5.272913131163061,17,7.768921938850061,1.2461648181900185,1433.3161440973727,2.9260366426815745,38.37,-122.24000000000001
5.540718006529055,31,5.837358135557118,1.0404999868758957,1441,2.9473582606833415,33.82,-118.06
3.1964,28,4.925165338405364,1.0677488916342068,1720,4.197164034732398,33.88,-117.82
3.2188,42,4.075122795267644,0.9832453161915508,378,2.2129821035612123,33.88,-118.14
3.495082571271691,36,5.3554154691482445,1.171150671310923,1128,2.8333333333333335,33.85,-118.03
5.304902658088739,35,5.49113651587861,0.9929716610606026,984.7895478677847,3.0114262570975527,33.87,-117.98
7.923334199139082,23,7.746841440370651,1.010061466817629,762,2.807630278322628,37.73,-122.10999999999999
1.6452,48,3.505719972590851,0.9932885906040269,1448,2.794119559547103,38,-122.41
3.1563,31,4.320572379324055,1.0864600719926343,821,1.4617960067415297,37.77,-122.18
3.5833,23,5.767659197753316,1.1106500691562933,733.5179018678832,2.288926340073471,32.67,-116.45943949686522
1.827317702680804,39,7.703701464834081,2.8559618627628875,73.94627338085445,3.195801700102559,33.69,-117.09
2.4626162565097762,15,4.152470042715445,1.1574871908546442,1438,1.6418298744310715,38.53,-122.67
6.326664010356188,28,7.363936530468627,1.045045045045045,878,3.617359830640928,37.63,-121.95
3.775,27,4.46863110379695,1.0411723168755236,1582.5129726770174,1.9797195896661048,32.97,-117.38999999999999
3.69372886048642,41,4.1649625851095635,1.0467055044728912,1552.472174206896,2.0366378242289755,37.81,-122.43
2.8348266502995108,16,4.708845712278327,1.159193838995224,3121,2.9847213409272393,34.05,-117.77
3.240037796036479,31,3.814335316227746,1.072200052755813,1849,1.7129385778389774,34.09,-118.4
4.4766,4,6.2338835881263295,1.0654205607476634,3221,3.7888954213156563,34.26,-117.98999999999998
3.7142999999999997,12,6.103815924759495,1.1702127659574468,1953.0921784233178,2.177832819156163,33.43,-117.19
0.9504489132972567,41,4.416481142778089,1.19675049158566,1825.2129937719383,4.459028954668076,35.3,-119.24439246486378
4.5208,9,5.118434061917717,1.1210259071463569,1938,2.6154778992133565,33.98,-118.16
3.529481428620259,39,4.623515462383513,1.0479952093762346,1200,2.947499647584694,33.970040502668304,-118.05
2.5259775689557804,44,4.41493583087331,1.0512389920429006,1047,2.7743836638363617,37.88,-122.29
1.6450666783458314,41,3.9169538164785718,1.1062893660078141,1120.911400616983,3.3131100845988444,37.78,-122.07
7.370246521401542,23,8.054639860546466,1.0821711319098934,1023,3.2179829847472634,33.79,-117.91
1.5956631074570298,19,5.1187392691997005,1.3035526277745428,707,3.194838920879685,37.15,-119.73
4.5694,28,7.567213686778811,1.2608848696686037,196,2.4529237860103237,32.73,-116.673869291241
2.9078581054707726,19,4.257843712279427,0.8671083222377949,732.306025823063,2.3487807202056965,41.32,-124.17
1.1747108578408314,43,5.0097471038208345,1.1621056261155842,486,3.3717779939157513,32.76,-116.48000000000002
1.7287495749997932,15,5.147843474625063,1.2106246581908016,1576,2.9114289046949824,36.83,-119.71
6.573637271070266,26,6.870516102010987,1.0838251985528171,1099.2678883349508,3.25,34.24,-118.78
3.202743366630421,33,4.040822313163821,1.1006264039000901,2025,1.9369628726433827,37.79,-122.44
2.0658,29,4.759630483732801,1.1338103452400121,455,1.8701054064568914,38.64,-121.82
3.7321,36,4.122644653675411,1.055676339291126,1352,2.1839750969044003,37.74,-122.45
3.968823549864236,34,5.144418283504987,1.065132072012923,863,2.887373529388847,33.99,-118.03
3.125,24,4.915972228565664,1.045045045045045,7225.765071414717,3.6631275891601778,38.01,-122.31
2.169580125312412,25,2.8995319428027977,1.0108108108108107,1597,2.3933533864399967,33.86,-117.93
1.8040493647053337,14,4.779844621370663,1.1419606737580876,2302,2.796710129994741,39.15,-121.77
4.167729138963259,43,4.504437762414863,0.7919398675513427,391,3.958294751372958,33.92,-118.07
2.705975802926677,27,4.110520631370926,1.0816010230366102,567,1.969312316563395,32.68,-117.05
3.1964,24,6.155401679249738,1.1296814475005963,542,2.4340328409501844,38.68,-121.42
5.522584088246747,34,6.392581074983473,0.9273722283891396,663,2.8373448570960127,38.85,-121.71
